256,aka_name,parachute_name_gender,0,193486
256,aka_name,parachute_name_gender,1,322478
256,aka_name,parachute_name_gender,2,385379
256,cast_info,parachute_name_name,1,3
256,cast_info,parachute_name_name,2,69
256,cast_info,parachute_name_name,3,345
256,cast_info,parachute_name_name,4,5
256,cast_info,parachute_name_name,5,131
256,cast_info,parachute_name_name,6,2282
256,cast_info,parachute_name_name,7,1260
256,cast_info,parachute_name_name,8,11
256,cast_info,parachute_name_name,9,13
256,cast_info,parachute_name_name,10,1583
256,cast_info,parachute_name_name,11,2315
256,cast_info,parachute_name_name,12,57
256,cast_info,parachute_name_name,13,9
256,cast_info,parachute_name_name,14,2396
256,cast_info,parachute_name_name,15,2130
256,cast_info,parachute_name_name,16,7
256,cast_info,parachute_name_name,17,24
256,cast_info,parachute_name_name,18,1678
256,cast_info,parachute_name_name,19,3915
256,cast_info,parachute_name_name,20,102
256,cast_info,parachute_name_name,21,5
256,cast_info,parachute_name_name,22,3907
256,cast_info,parachute_name_name,23,24902
256,cast_info,parachute_name_name,24,65
256,cast_info,parachute_name_name,25,8
256,cast_info,parachute_name_name,26,3436
256,cast_info,parachute_name_name,27,17155
256,cast_info,parachute_name_name,28,10
256,cast_info,parachute_name_name,29,11
256,cast_info,parachute_name_name,30,2604
256,cast_info,parachute_name_name,31,130757
256,cast_info,parachute_name_name,32,45
256,cast_info,parachute_name_name,33,73
256,cast_info,parachute_name_name,34,1082
256,cast_info,parachute_name_name,35,665
256,cast_info,parachute_name_name,36,900
256,cast_info,parachute_name_name,37,297
256,cast_info,parachute_name_name,38,5843
256,cast_info,parachute_name_name,39,1325
256,cast_info,parachute_name_name,40,340
256,cast_info,parachute_name_name,41,492
256,cast_info,parachute_name_name,42,3977
256,cast_info,parachute_name_name,43,2567
256,cast_info,parachute_name_name,44,930
256,cast_info,parachute_name_name,45,1246
256,cast_info,parachute_name_name,46,7992
256,cast_info,parachute_name_name,47,3484
256,cast_info,parachute_name_name,48,1294
256,cast_info,parachute_name_name,49,1250
256,cast_info,parachute_name_name,50,3575
256,cast_info,parachute_name_name,51,46538
256,cast_info,parachute_name_name,52,1615
256,cast_info,parachute_name_name,53,10975
256,cast_info,parachute_name_name,54,7068
256,cast_info,parachute_name_name,55,385064
256,cast_info,parachute_name_name,56,878
256,cast_info,parachute_name_name,57,4646
256,cast_info,parachute_name_name,58,7676
256,cast_info,parachute_name_name,59,348470
256,cast_info,parachute_name_name,60,1042
256,cast_info,parachute_name_name,61,36376
256,cast_info,parachute_name_name,62,6499
256,cast_info,parachute_name_name,63,1848356
256,cast_info,parachute_name_name,64,4
256,cast_info,parachute_name_name,65,8
256,cast_info,parachute_name_name,66,1401
256,cast_info,parachute_name_name,67,346
256,cast_info,parachute_name_name,68,135
256,cast_info,parachute_name_name,69,50
256,cast_info,parachute_name_name,70,3794
256,cast_info,parachute_name_name,71,1149
256,cast_info,parachute_name_name,72,49
256,cast_info,parachute_name_name,73,32
256,cast_info,parachute_name_name,74,2152
256,cast_info,parachute_name_name,75,2235
256,cast_info,parachute_name_name,76,213
256,cast_info,parachute_name_name,77,9
256,cast_info,parachute_name_name,78,3053
256,cast_info,parachute_name_name,79,1528
256,cast_info,parachute_name_name,80,394
256,cast_info,parachute_name_name,81,18
256,cast_info,parachute_name_name,82,5216
256,cast_info,parachute_name_name,83,27405
256,cast_info,parachute_name_name,84,181
256,cast_info,parachute_name_name,85,49
256,cast_info,parachute_name_name,86,3354
256,cast_info,parachute_name_name,87,85222
256,cast_info,parachute_name_name,88,62
256,cast_info,parachute_name_name,89,11
256,cast_info,parachute_name_name,90,3473
256,cast_info,parachute_name_name,91,97354
256,cast_info,parachute_name_name,92,7
256,cast_info,parachute_name_name,93,416
256,cast_info,parachute_name_name,94,2879
256,cast_info,parachute_name_name,95,318746
256,cast_info,parachute_name_name,96,476
256,cast_info,parachute_name_name,97,30
256,cast_info,parachute_name_name,98,3164
256,cast_info,parachute_name_name,99,746
256,cast_info,parachute_name_name,100,1006
256,cast_info,parachute_name_name,101,38
256,cast_info,parachute_name_name,102,5789
256,cast_info,parachute_name_name,103,1497
256,cast_info,parachute_name_name,104,395
256,cast_info,parachute_name_name,105,154
256,cast_info,parachute_name_name,106,3397
256,cast_info,parachute_name_name,107,2379
256,cast_info,parachute_name_name,108,311
256,cast_info,parachute_name_name,109,82
256,cast_info,parachute_name_name,110,4992
256,cast_info,parachute_name_name,111,2310
256,cast_info,parachute_name_name,112,595
256,cast_info,parachute_name_name,113,3039
256,cast_info,parachute_name_name,114,7926
256,cast_info,parachute_name_name,115,254024
256,cast_info,parachute_name_name,116,436
256,cast_info,parachute_name_name,117,28456
256,cast_info,parachute_name_name,118,7166
256,cast_info,parachute_name_name,119,1261053
256,cast_info,parachute_name_name,120,562
256,cast_info,parachute_name_name,121,17089
256,cast_info,parachute_name_name,122,4551
256,cast_info,parachute_name_name,123,1081217
256,cast_info,parachute_name_name,124,412
256,cast_info,parachute_name_name,125,94170
256,cast_info,parachute_name_name,126,3819
256,cast_info,parachute_name_name,127,4284209
256,cast_info,parachute_name_name,128,12
256,cast_info,parachute_name_name,129,161
256,cast_info,parachute_name_name,130,332
256,cast_info,parachute_name_name,131,437
256,cast_info,parachute_name_name,132,465
256,cast_info,parachute_name_name,133,39
256,cast_info,parachute_name_name,134,1614
256,cast_info,parachute_name_name,135,582
256,cast_info,parachute_name_name,136,331
256,cast_info,parachute_name_name,137,346
256,cast_info,parachute_name_name,138,868
256,cast_info,parachute_name_name,139,1453
256,cast_info,parachute_name_name,140,595
256,cast_info,parachute_name_name,141,100
256,cast_info,parachute_name_name,142,2007
256,cast_info,parachute_name_name,143,1094
256,cast_info,parachute_name_name,144,258
256,cast_info,parachute_name_name,145,238
256,cast_info,parachute_name_name,146,2200
256,cast_info,parachute_name_name,147,11025
256,cast_info,parachute_name_name,148,174
256,cast_info,parachute_name_name,149,1916
256,cast_info,parachute_name_name,150,2439
256,cast_info,parachute_name_name,151,84790
256,cast_info,parachute_name_name,152,255
256,cast_info,parachute_name_name,153,893
256,cast_info,parachute_name_name,154,1930
256,cast_info,parachute_name_name,155,58682
256,cast_info,parachute_name_name,156,234
256,cast_info,parachute_name_name,157,6258
256,cast_info,parachute_name_name,158,1522
256,cast_info,parachute_name_name,159,403368
256,cast_info,parachute_name_name,160,269
256,cast_info,parachute_name_name,161,285
256,cast_info,parachute_name_name,162,1211
256,cast_info,parachute_name_name,163,693
256,cast_info,parachute_name_name,164,1314
256,cast_info,parachute_name_name,165,219
256,cast_info,parachute_name_name,166,2243
256,cast_info,parachute_name_name,167,536
256,cast_info,parachute_name_name,168,1466
256,cast_info,parachute_name_name,169,288
256,cast_info,parachute_name_name,170,2039
256,cast_info,parachute_name_name,171,962
256,cast_info,parachute_name_name,172,729
256,cast_info,parachute_name_name,173,582
256,cast_info,parachute_name_name,174,2135
256,cast_info,parachute_name_name,175,1025
256,cast_info,parachute_name_name,176,786
256,cast_info,parachute_name_name,177,6888
256,cast_info,parachute_name_name,178,3518
256,cast_info,parachute_name_name,179,114646
256,cast_info,parachute_name_name,180,1053
256,cast_info,parachute_name_name,181,91331
256,cast_info,parachute_name_name,182,3902
256,cast_info,parachute_name_name,183,948168
256,cast_info,parachute_name_name,184,766
256,cast_info,parachute_name_name,185,24527
256,cast_info,parachute_name_name,186,2320
256,cast_info,parachute_name_name,187,651003
256,cast_info,parachute_name_name,188,962
256,cast_info,parachute_name_name,189,218607
256,cast_info,parachute_name_name,190,2305
256,cast_info,parachute_name_name,191,3507692
256,cast_info,parachute_name_name,192,70
256,cast_info,parachute_name_name,193,54
256,cast_info,parachute_name_name,194,1271
256,cast_info,parachute_name_name,195,568
256,cast_info,parachute_name_name,196,635
256,cast_info,parachute_name_name,197,167
256,cast_info,parachute_name_name,198,1838
256,cast_info,parachute_name_name,199,1182
256,cast_info,parachute_name_name,200,103
256,cast_info,parachute_name_name,201,87
256,cast_info,parachute_name_name,202,1689
256,cast_info,parachute_name_name,203,1436
256,cast_info,parachute_name_name,204,90
256,cast_info,parachute_name_name,205,173
256,cast_info,parachute_name_name,206,1022
256,cast_info,parachute_name_name,207,836
256,cast_info,parachute_name_name,208,751
256,cast_info,parachute_name_name,209,1079
256,cast_info,parachute_name_name,210,5197
256,cast_info,parachute_name_name,211,108447
256,cast_info,parachute_name_name,212,254
256,cast_info,parachute_name_name,213,14935
256,cast_info,parachute_name_name,214,2438
256,cast_info,parachute_name_name,215,435482
256,cast_info,parachute_name_name,216,147
256,cast_info,parachute_name_name,217,3515
256,cast_info,parachute_name_name,218,1976
256,cast_info,parachute_name_name,219,365253
256,cast_info,parachute_name_name,220,43
256,cast_info,parachute_name_name,221,28219
256,cast_info,parachute_name_name,222,1317
256,cast_info,parachute_name_name,223,1449918
256,cast_info,parachute_name_name,224,691
256,cast_info,parachute_name_name,225,82
256,cast_info,parachute_name_name,226,3147
256,cast_info,parachute_name_name,227,1376
256,cast_info,parachute_name_name,228,1015
256,cast_info,parachute_name_name,229,108
256,cast_info,parachute_name_name,230,3728
256,cast_info,parachute_name_name,231,925
256,cast_info,parachute_name_name,232,442
256,cast_info,parachute_name_name,233,205
256,cast_info,parachute_name_name,234,2332
256,cast_info,parachute_name_name,235,2164
256,cast_info,parachute_name_name,236,648
256,cast_info,parachute_name_name,237,166
256,cast_info,parachute_name_name,238,2498
256,cast_info,parachute_name_name,239,1948
256,cast_info,parachute_name_name,240,1593
256,cast_info,parachute_name_name,241,27349
256,cast_info,parachute_name_name,242,5284
256,cast_info,parachute_name_name,243,650694
256,cast_info,parachute_name_name,244,1298
256,cast_info,parachute_name_name,245,225933
256,cast_info,parachute_name_name,246,3907
256,cast_info,parachute_name_name,247,3384414
256,cast_info,parachute_name_name,248,945
256,cast_info,parachute_name_name,249,96958
256,cast_info,parachute_name_name,250,3082
256,cast_info,parachute_name_name,251,2382919
256,cast_info,parachute_name_name,252,365
256,cast_info,parachute_name_name,253,532211
256,cast_info,parachute_name_name,254,2773
256,cast_info,parachute_name_name,255,9711654
256,cast_info,parachute_name_gender,0,8513290
256,cast_info,parachute_name_gender,1,10150633
256,cast_info,parachute_name_gender,2,17580421
256,cast_info,parachute_title_title,1,2063
256,cast_info,parachute_title_title,2,3749
256,cast_info,parachute_title_title,3,7921
256,cast_info,parachute_title_title,4,1596
256,cast_info,parachute_title_title,5,3084
256,cast_info,parachute_title_title,6,12315
256,cast_info,parachute_title_title,7,12068
256,cast_info,parachute_title_title,8,1183
256,cast_info,parachute_title_title,9,2155
256,cast_info,parachute_title_title,10,9017
256,cast_info,parachute_title_title,11,12518
256,cast_info,parachute_title_title,12,1807
256,cast_info,parachute_title_title,13,1377
256,cast_info,parachute_title_title,14,18916
256,cast_info,parachute_title_title,15,23450
256,cast_info,parachute_title_title,16,836
256,cast_info,parachute_title_title,17,2284
256,cast_info,parachute_title_title,18,11475
256,cast_info,parachute_title_title,19,13472
256,cast_info,parachute_title_title,20,2094
256,cast_info,parachute_title_title,21,1733
256,cast_info,parachute_title_title,22,21239
256,cast_info,parachute_title_title,23,34401
256,cast_info,parachute_title_title,24,1227
256,cast_info,parachute_title_title,25,1333
256,cast_info,parachute_title_title,26,24616
256,cast_info,parachute_title_title,27,35006
256,cast_info,parachute_title_title,28,1511
256,cast_info,parachute_title_title,29,596
256,cast_info,parachute_title_title,30,26007
256,cast_info,parachute_title_title,31,63204
256,cast_info,parachute_title_title,32,2333
256,cast_info,parachute_title_title,33,2794
256,cast_info,parachute_title_title,34,8956
256,cast_info,parachute_title_title,35,40158
256,cast_info,parachute_title_title,36,3910
256,cast_info,parachute_title_title,37,6396
256,cast_info,parachute_title_title,38,20241
256,cast_info,parachute_title_title,39,417107
256,cast_info,parachute_title_title,40,3351
256,cast_info,parachute_title_title,41,8144
256,cast_info,parachute_title_title,42,17503
256,cast_info,parachute_title_title,43,61021
256,cast_info,parachute_title_title,44,9568
256,cast_info,parachute_title_title,45,14757
256,cast_info,parachute_title_title,46,41648
256,cast_info,parachute_title_title,47,316296
256,cast_info,parachute_title_title,48,5648
256,cast_info,parachute_title_title,49,13322
256,cast_info,parachute_title_title,50,28958
256,cast_info,parachute_title_title,51,90265
256,cast_info,parachute_title_title,52,13075
256,cast_info,parachute_title_title,53,23932
256,cast_info,parachute_title_title,54,59747
256,cast_info,parachute_title_title,55,384901
256,cast_info,parachute_title_title,56,12881
256,cast_info,parachute_title_title,57,29654
256,cast_info,parachute_title_title,58,58891
256,cast_info,parachute_title_title,59,230220
256,cast_info,parachute_title_title,60,26068
256,cast_info,parachute_title_title,61,59153
256,cast_info,parachute_title_title,62,106242
256,cast_info,parachute_title_title,63,764024
256,cast_info,parachute_title_title,64,647
256,cast_info,parachute_title_title,65,631
256,cast_info,parachute_title_title,66,9211
256,cast_info,parachute_title_title,67,6120
256,cast_info,parachute_title_title,68,1178
256,cast_info,parachute_title_title,69,1315
256,cast_info,parachute_title_title,70,10763
256,cast_info,parachute_title_title,71,6946
256,cast_info,parachute_title_title,72,1358
256,cast_info,parachute_title_title,73,1480
256,cast_info,parachute_title_title,74,13306
256,cast_info,parachute_title_title,75,1551562
256,cast_info,parachute_title_title,76,1493
256,cast_info,parachute_title_title,77,547
256,cast_info,parachute_title_title,78,13286
256,cast_info,parachute_title_title,79,1110757
256,cast_info,parachute_title_title,80,1109
256,cast_info,parachute_title_title,81,859
256,cast_info,parachute_title_title,82,20537
256,cast_info,parachute_title_title,83,15640
256,cast_info,parachute_title_title,84,1110
256,cast_info,parachute_title_title,85,362
256,cast_info,parachute_title_title,86,15237
256,cast_info,parachute_title_title,87,26380
256,cast_info,parachute_title_title,88,1158
256,cast_info,parachute_title_title,89,451
256,cast_info,parachute_title_title,90,26158
256,cast_info,parachute_title_title,91,702549
256,cast_info,parachute_title_title,92,532
256,cast_info,parachute_title_title,93,709
256,cast_info,parachute_title_title,94,24070
256,cast_info,parachute_title_title,95,339899
256,cast_info,parachute_title_title,96,2684
256,cast_info,parachute_title_title,97,1490
256,cast_info,parachute_title_title,98,14013
256,cast_info,parachute_title_title,99,37961
256,cast_info,parachute_title_title,100,9623
256,cast_info,parachute_title_title,101,3593
256,cast_info,parachute_title_title,102,27885
256,cast_info,parachute_title_title,103,251610
256,cast_info,parachute_title_title,104,4246
256,cast_info,parachute_title_title,105,4938
256,cast_info,parachute_title_title,106,25358
256,cast_info,parachute_title_title,107,648966
256,cast_info,parachute_title_title,108,5800
256,cast_info,parachute_title_title,109,8783
256,cast_info,parachute_title_title,110,43089
256,cast_info,parachute_title_title,111,448381
256,cast_info,parachute_title_title,112,7781
256,cast_info,parachute_title_title,113,14944
256,cast_info,parachute_title_title,114,69555
256,cast_info,parachute_title_title,115,167860
256,cast_info,parachute_title_title,116,10354
256,cast_info,parachute_title_title,117,23308
256,cast_info,parachute_title_title,118,70889
256,cast_info,parachute_title_title,119,455463
256,cast_info,parachute_title_title,120,10966
256,cast_info,parachute_title_title,121,21600
256,cast_info,parachute_title_title,122,80472
256,cast_info,parachute_title_title,123,678711
256,cast_info,parachute_title_title,124,13723
256,cast_info,parachute_title_title,125,56924
256,cast_info,parachute_title_title,126,105205
256,cast_info,parachute_title_title,127,1607631
256,cast_info,parachute_title_title,128,1745
256,cast_info,parachute_title_title,129,1819
256,cast_info,parachute_title_title,130,4676
256,cast_info,parachute_title_title,131,6969
256,cast_info,parachute_title_title,132,4278
256,cast_info,parachute_title_title,133,3366
256,cast_info,parachute_title_title,134,14259
256,cast_info,parachute_title_title,135,10464
256,cast_info,parachute_title_title,136,2355
256,cast_info,parachute_title_title,137,5979
256,cast_info,parachute_title_title,138,6951
256,cast_info,parachute_title_title,139,19088
256,cast_info,parachute_title_title,140,5036
256,cast_info,parachute_title_title,141,4631
256,cast_info,parachute_title_title,142,15817
256,cast_info,parachute_title_title,143,27348
256,cast_info,parachute_title_title,144,4870
256,cast_info,parachute_title_title,145,5294
256,cast_info,parachute_title_title,146,14527
256,cast_info,parachute_title_title,147,86569
256,cast_info,parachute_title_title,148,5648
256,cast_info,parachute_title_title,149,5071
256,cast_info,parachute_title_title,150,20790
256,cast_info,parachute_title_title,151,64481
256,cast_info,parachute_title_title,152,8542
256,cast_info,parachute_title_title,153,12217
256,cast_info,parachute_title_title,154,19480
256,cast_info,parachute_title_title,155,83567
256,cast_info,parachute_title_title,156,4724
256,cast_info,parachute_title_title,157,10853
256,cast_info,parachute_title_title,158,29722
256,cast_info,parachute_title_title,159,165767
256,cast_info,parachute_title_title,160,3207
256,cast_info,parachute_title_title,161,7310
256,cast_info,parachute_title_title,162,6008
256,cast_info,parachute_title_title,163,45878
256,cast_info,parachute_title_title,164,10083
256,cast_info,parachute_title_title,165,12034
256,cast_info,parachute_title_title,166,22216
256,cast_info,parachute_title_title,167,258558
256,cast_info,parachute_title_title,168,4715
256,cast_info,parachute_title_title,169,12139
256,cast_info,parachute_title_title,170,15170
256,cast_info,parachute_title_title,171,62169
256,cast_info,parachute_title_title,172,12662
256,cast_info,parachute_title_title,173,29416
256,cast_info,parachute_title_title,174,30828
256,cast_info,parachute_title_title,175,215739
256,cast_info,parachute_title_title,176,9732
256,cast_info,parachute_title_title,177,26040
256,cast_info,parachute_title_title,178,21231
256,cast_info,parachute_title_title,179,121049
256,cast_info,parachute_title_title,180,18817
256,cast_info,parachute_title_title,181,78138
256,cast_info,parachute_title_title,182,51601
256,cast_info,parachute_title_title,183,487969
256,cast_info,parachute_title_title,184,14131
256,cast_info,parachute_title_title,185,77620
256,cast_info,parachute_title_title,186,49471
256,cast_info,parachute_title_title,187,430406
256,cast_info,parachute_title_title,188,27888
256,cast_info,parachute_title_title,189,192612
256,cast_info,parachute_title_title,190,82031
256,cast_info,parachute_title_title,191,1764020
256,cast_info,parachute_title_title,192,2451
256,cast_info,parachute_title_title,193,1803
256,cast_info,parachute_title_title,194,6984
256,cast_info,parachute_title_title,195,10614
256,cast_info,parachute_title_title,196,2701
256,cast_info,parachute_title_title,197,3471
256,cast_info,parachute_title_title,198,13941
256,cast_info,parachute_title_title,199,21189
256,cast_info,parachute_title_title,200,4371
256,cast_info,parachute_title_title,201,3461
256,cast_info,parachute_title_title,202,16940
256,cast_info,parachute_title_title,203,497392
256,cast_info,parachute_title_title,204,2429
256,cast_info,parachute_title_title,205,4989
256,cast_info,parachute_title_title,206,16209
256,cast_info,parachute_title_title,207,268973
256,cast_info,parachute_title_title,208,6451
256,cast_info,parachute_title_title,209,3462
256,cast_info,parachute_title_title,210,25507
256,cast_info,parachute_title_title,211,70870
256,cast_info,parachute_title_title,212,3178
256,cast_info,parachute_title_title,213,6389
256,cast_info,parachute_title_title,214,26433
256,cast_info,parachute_title_title,215,119418
256,cast_info,parachute_title_title,216,4777
256,cast_info,parachute_title_title,217,10166
256,cast_info,parachute_title_title,218,38792
256,cast_info,parachute_title_title,219,321197
256,cast_info,parachute_title_title,220,4291
256,cast_info,parachute_title_title,221,8190
256,cast_info,parachute_title_title,222,33328
256,cast_info,parachute_title_title,223,402573
256,cast_info,parachute_title_title,224,7744
256,cast_info,parachute_title_title,225,5499
256,cast_info,parachute_title_title,226,14820
256,cast_info,parachute_title_title,227,61111
256,cast_info,parachute_title_title,228,13430
256,cast_info,parachute_title_title,229,18172
256,cast_info,parachute_title_title,230,41237
256,cast_info,parachute_title_title,231,212257
256,cast_info,parachute_title_title,232,6577
256,cast_info,parachute_title_title,233,14268
256,cast_info,parachute_title_title,234,42698
256,cast_info,parachute_title_title,235,307934
256,cast_info,parachute_title_title,236,13223
256,cast_info,parachute_title_title,237,38849
256,cast_info,parachute_title_title,238,50579
256,cast_info,parachute_title_title,239,576372
256,cast_info,parachute_title_title,240,14130
256,cast_info,parachute_title_title,241,52190
256,cast_info,parachute_title_title,242,57738
256,cast_info,parachute_title_title,243,557250
256,cast_info,parachute_title_title,244,28139
256,cast_info,parachute_title_title,245,152901
256,cast_info,parachute_title_title,246,98474
256,cast_info,parachute_title_title,247,1894511
256,cast_info,parachute_title_title,248,22928
256,cast_info,parachute_title_title,249,123743
256,cast_info,parachute_title_title,250,94815
256,cast_info,parachute_title_title,251,2121992
256,cast_info,parachute_title_title,252,36741
256,cast_info,parachute_title_title,253,336469
256,cast_info,parachute_title_title,254,135847
256,cast_info,parachute_title_title,255,10174392
256,cast_info,parachute_title_production_year,0,409227
256,cast_info,parachute_title_production_year,1,10777
256,cast_info,parachute_title_production_year,2,4092
256,cast_info,parachute_title_production_year,3,17480
256,cast_info,parachute_title_production_year,4,26024
256,cast_info,parachute_title_production_year,5,26524
256,cast_info,parachute_title_production_year,6,76103
256,cast_info,parachute_title_production_year,7,42364
256,cast_info,parachute_title_production_year,8,36753
256,cast_info,parachute_title_production_year,9,32217
256,cast_info,parachute_title_production_year,10,83276
256,cast_info,parachute_title_production_year,11,204649
256,cast_info,parachute_title_production_year,12,160944
256,cast_info,parachute_title_production_year,13,94101
256,cast_info,parachute_title_production_year,14,52927
256,cast_info,parachute_title_production_year,15,110537
256,cast_info,parachute_title_production_year,16,197630
256,cast_info,parachute_title_production_year,17,431033
256,cast_info,parachute_title_production_year,18,349063
256,cast_info,parachute_title_production_year,19,108886
256,cast_info,parachute_title_production_year,20,113688
256,cast_info,parachute_title_production_year,21,248771
256,cast_info,parachute_title_production_year,22,136635
256,cast_info,parachute_title_production_year,23,269515
256,cast_info,parachute_title_production_year,24,138536
256,cast_info,parachute_title_production_year,25,149872
256,cast_info,parachute_title_production_year,26,162500
256,cast_info,parachute_title_production_year,27,344600
256,cast_info,parachute_title_production_year,28,175310
256,cast_info,parachute_title_production_year,29,181871
256,cast_info,parachute_title_production_year,30,181674
256,cast_info,parachute_title_production_year,31,179002
256,cast_info,parachute_title_production_year,32,186761
256,cast_info,parachute_title_production_year,33,196713
256,cast_info,parachute_title_production_year,34,188375
256,cast_info,parachute_title_production_year,35,194051
256,cast_info,parachute_title_production_year,36,204989
256,cast_info,parachute_title_production_year,37,207189
256,cast_info,parachute_title_production_year,38,211729
256,cast_info,parachute_title_production_year,39,220725
256,cast_info,parachute_title_production_year,40,210679
256,cast_info,parachute_title_production_year,41,219204
256,cast_info,parachute_title_production_year,42,235282
256,cast_info,parachute_title_production_year,43,241215
256,cast_info,parachute_title_production_year,44,255783
256,cast_info,parachute_title_production_year,45,294207
256,cast_info,parachute_title_production_year,46,317579
256,cast_info,parachute_title_production_year,47,320083
256,cast_info,parachute_title_production_year,48,305334
256,cast_info,parachute_title_production_year,49,343649
256,cast_info,parachute_title_production_year,50,358739
256,cast_info,parachute_title_production_year,51,369839
256,cast_info,parachute_title_production_year,52,379551
256,cast_info,parachute_title_production_year,53,426371
256,cast_info,parachute_title_production_year,54,466546
256,cast_info,parachute_title_production_year,55,511630
256,cast_info,parachute_title_production_year,56,560419
256,cast_info,parachute_title_production_year,57,604911
256,cast_info,parachute_title_production_year,58,658661
256,cast_info,parachute_title_production_year,59,703445
256,cast_info,parachute_title_production_year,60,759384
256,cast_info,parachute_title_production_year,61,847191
256,cast_info,parachute_title_production_year,62,929303
256,cast_info,parachute_title_production_year,63,1016774
256,cast_info,parachute_title_production_year,64,1178423
256,cast_info,parachute_title_production_year,65,1381792
256,cast_info,parachute_title_production_year,66,1655065
256,cast_info,parachute_title_production_year,67,1870794
256,cast_info,parachute_title_production_year,68,2028036
256,cast_info,parachute_title_production_year,69,2214955
256,cast_info,parachute_title_production_year,70,2277157
256,cast_info,parachute_title_production_year,71,2478571
256,cast_info,parachute_title_production_year,72,2469963
256,cast_info,parachute_title_production_year,73,945184
256,cast_info,parachute_title_production_year,74,41512
256,cast_info,parachute_role_type_role,0,12670688
256,cast_info,parachute_role_type_role,1,7451973
256,cast_info,parachute_role_type_role,2,4323018
256,cast_info,parachute_role_type_role,3,4008037
256,cast_info,parachute_role_type_role,4,2728943
256,cast_info,parachute_role_type_role,5,1703543
256,cast_info,parachute_role_type_role,6,1093558
256,cast_info,parachute_role_type_role,7,898389
256,cast_info,parachute_role_type_role,8,773674
256,cast_info,parachute_role_type_role,9,316118
256,cast_info,parachute_role_type_role,10,276403
256,movie_companies,parachute_title_title,1,179
256,movie_companies,parachute_title_title,2,240
256,movie_companies,parachute_title_title,3,466
256,movie_companies,parachute_title_title,4,123
256,movie_companies,parachute_title_title,5,124
256,movie_companies,parachute_title_title,6,857
256,movie_companies,parachute_title_title,7,681
256,movie_companies,parachute_title_title,8,119
256,movie_companies,parachute_title_title,9,129
256,movie_companies,parachute_title_title,10,667
256,movie_companies,parachute_title_title,11,1013
256,movie_companies,parachute_title_title,12,90
256,movie_companies,parachute_title_title,13,28
256,movie_companies,parachute_title_title,14,1443
256,movie_companies,parachute_title_title,15,2060
256,movie_companies,parachute_title_title,16,80
256,movie_companies,parachute_title_title,17,76
256,movie_companies,parachute_title_title,18,883
256,movie_companies,parachute_title_title,19,1036
256,movie_companies,parachute_title_title,20,125
256,movie_companies,parachute_title_title,21,68
256,movie_companies,parachute_title_title,22,1693
256,movie_companies,parachute_title_title,23,2247
256,movie_companies,parachute_title_title,24,57
256,movie_companies,parachute_title_title,25,59
256,movie_companies,parachute_title_title,26,1933
256,movie_companies,parachute_title_title,27,2920
256,movie_companies,parachute_title_title,28,69
256,movie_companies,parachute_title_title,29,55
256,movie_companies,parachute_title_title,30,2097
256,movie_companies,parachute_title_title,31,4917
256,movie_companies,parachute_title_title,32,165
256,movie_companies,parachute_title_title,33,216
256,movie_companies,parachute_title_title,34,632
256,movie_companies,parachute_title_title,35,1234
256,movie_companies,parachute_title_title,36,325
256,movie_companies,parachute_title_title,37,504
256,movie_companies,parachute_title_title,38,1672
256,movie_companies,parachute_title_title,39,6174
256,movie_companies,parachute_title_title,40,274
256,movie_companies,parachute_title_title,41,718
256,movie_companies,parachute_title_title,42,1456
256,movie_companies,parachute_title_title,43,3723
256,movie_companies,parachute_title_title,44,932
256,movie_companies,parachute_title_title,45,1350
256,movie_companies,parachute_title_title,46,3981
256,movie_companies,parachute_title_title,47,9469
256,movie_companies,parachute_title_title,48,472
256,movie_companies,parachute_title_title,49,1050
256,movie_companies,parachute_title_title,50,2302
256,movie_companies,parachute_title_title,51,6399
256,movie_companies,parachute_title_title,52,1070
256,movie_companies,parachute_title_title,53,2093
256,movie_companies,parachute_title_title,54,5199
256,movie_companies,parachute_title_title,55,18390
256,movie_companies,parachute_title_title,56,1124
256,movie_companies,parachute_title_title,57,2630
256,movie_companies,parachute_title_title,58,4971
256,movie_companies,parachute_title_title,59,19356
256,movie_companies,parachute_title_title,60,1988
256,movie_companies,parachute_title_title,61,5422
256,movie_companies,parachute_title_title,62,9259
256,movie_companies,parachute_title_title,63,60996
256,movie_companies,parachute_title_title,64,84
256,movie_companies,parachute_title_title,65,26
256,movie_companies,parachute_title_title,66,737
256,movie_companies,parachute_title_title,67,598
256,movie_companies,parachute_title_title,68,56
256,movie_companies,parachute_title_title,69,57
256,movie_companies,parachute_title_title,70,877
256,movie_companies,parachute_title_title,71,642
256,movie_companies,parachute_title_title,72,93
256,movie_companies,parachute_title_title,73,96
256,movie_companies,parachute_title_title,74,1062
256,movie_companies,parachute_title_title,75,28583
256,movie_companies,parachute_title_title,76,99
256,movie_companies,parachute_title_title,77,45
256,movie_companies,parachute_title_title,78,1165
256,movie_companies,parachute_title_title,79,21813
256,movie_companies,parachute_title_title,80,44
256,movie_companies,parachute_title_title,81,43
256,movie_companies,parachute_title_title,82,1634
256,movie_companies,parachute_title_title,83,1274
256,movie_companies,parachute_title_title,84,50
256,movie_companies,parachute_title_title,85,55
256,movie_companies,parachute_title_title,86,1286
256,movie_companies,parachute_title_title,87,2060
256,movie_companies,parachute_title_title,88,73
256,movie_companies,parachute_title_title,89,87
256,movie_companies,parachute_title_title,90,2468
256,movie_companies,parachute_title_title,91,14625
256,movie_companies,parachute_title_title,92,84
256,movie_companies,parachute_title_title,93,67
256,movie_companies,parachute_title_title,94,2038
256,movie_companies,parachute_title_title,95,10445
256,movie_companies,parachute_title_title,96,225
256,movie_companies,parachute_title_title,97,166
256,movie_companies,parachute_title_title,98,1143
256,movie_companies,parachute_title_title,99,2301
256,movie_companies,parachute_title_title,100,728
256,movie_companies,parachute_title_title,101,330
256,movie_companies,parachute_title_title,102,2516
256,movie_companies,parachute_title_title,103,6668
256,movie_companies,parachute_title_title,104,358
256,movie_companies,parachute_title_title,105,532
256,movie_companies,parachute_title_title,106,2175
256,movie_companies,parachute_title_title,107,14801
256,movie_companies,parachute_title_title,108,516
256,movie_companies,parachute_title_title,109,659
256,movie_companies,parachute_title_title,110,4075
256,movie_companies,parachute_title_title,111,17477
256,movie_companies,parachute_title_title,112,772
256,movie_companies,parachute_title_title,113,1272
256,movie_companies,parachute_title_title,114,5348
256,movie_companies,parachute_title_title,115,14897
256,movie_companies,parachute_title_title,116,740
256,movie_companies,parachute_title_title,117,2087
256,movie_companies,parachute_title_title,118,6149
256,movie_companies,parachute_title_title,119,34950
256,movie_companies,parachute_title_title,120,922
256,movie_companies,parachute_title_title,121,1710
256,movie_companies,parachute_title_title,122,6757
256,movie_companies,parachute_title_title,123,46540
256,movie_companies,parachute_title_title,124,1073
256,movie_companies,parachute_title_title,125,4658
256,movie_companies,parachute_title_title,126,8854
256,movie_companies,parachute_title_title,127,136406
256,movie_companies,parachute_title_title,128,169
256,movie_companies,parachute_title_title,129,140
256,movie_companies,parachute_title_title,130,322
256,movie_companies,parachute_title_title,131,515
256,movie_companies,parachute_title_title,132,378
256,movie_companies,parachute_title_title,133,160
256,movie_companies,parachute_title_title,134,1226
256,movie_companies,parachute_title_title,135,941
256,movie_companies,parachute_title_title,136,145
256,movie_companies,parachute_title_title,137,589
256,movie_companies,parachute_title_title,138,661
256,movie_companies,parachute_title_title,139,1925
256,movie_companies,parachute_title_title,140,379
256,movie_companies,parachute_title_title,141,497
256,movie_companies,parachute_title_title,142,1558
256,movie_companies,parachute_title_title,143,2441
256,movie_companies,parachute_title_title,144,367
256,movie_companies,parachute_title_title,145,382
256,movie_companies,parachute_title_title,146,1285
256,movie_companies,parachute_title_title,147,6129
256,movie_companies,parachute_title_title,148,463
256,movie_companies,parachute_title_title,149,420
256,movie_companies,parachute_title_title,150,1845
256,movie_companies,parachute_title_title,151,5179
256,movie_companies,parachute_title_title,152,773
256,movie_companies,parachute_title_title,153,964
256,movie_companies,parachute_title_title,154,1821
256,movie_companies,parachute_title_title,155,6968
256,movie_companies,parachute_title_title,156,402
256,movie_companies,parachute_title_title,157,944
256,movie_companies,parachute_title_title,158,2442
256,movie_companies,parachute_title_title,159,13767
256,movie_companies,parachute_title_title,160,238
256,movie_companies,parachute_title_title,161,663
256,movie_companies,parachute_title_title,162,499
256,movie_companies,parachute_title_title,163,1675
256,movie_companies,parachute_title_title,164,888
256,movie_companies,parachute_title_title,165,944
256,movie_companies,parachute_title_title,166,2095
256,movie_companies,parachute_title_title,167,5830
256,movie_companies,parachute_title_title,168,452
256,movie_companies,parachute_title_title,169,997
256,movie_companies,parachute_title_title,170,1381
256,movie_companies,parachute_title_title,171,3985
256,movie_companies,parachute_title_title,172,1120
256,movie_companies,parachute_title_title,173,2671
256,movie_companies,parachute_title_title,174,2796
256,movie_companies,parachute_title_title,175,13016
256,movie_companies,parachute_title_title,176,904
256,movie_companies,parachute_title_title,177,2321
256,movie_companies,parachute_title_title,178,1933
256,movie_companies,parachute_title_title,179,9485
256,movie_companies,parachute_title_title,180,1680
256,movie_companies,parachute_title_title,181,7087
256,movie_companies,parachute_title_title,182,4871
256,movie_companies,parachute_title_title,183,38080
256,movie_companies,parachute_title_title,184,1256
256,movie_companies,parachute_title_title,185,6512
256,movie_companies,parachute_title_title,186,4166
256,movie_companies,parachute_title_title,187,36480
256,movie_companies,parachute_title_title,188,2305
256,movie_companies,parachute_title_title,189,16961
256,movie_companies,parachute_title_title,190,7135
256,movie_companies,parachute_title_title,191,153066
256,movie_companies,parachute_title_title,192,236
256,movie_companies,parachute_title_title,193,202
256,movie_companies,parachute_title_title,194,541
256,movie_companies,parachute_title_title,195,1082
256,movie_companies,parachute_title_title,196,188
256,movie_companies,parachute_title_title,197,298
256,movie_companies,parachute_title_title,198,1326
256,movie_companies,parachute_title_title,199,2011
256,movie_companies,parachute_title_title,200,349
256,movie_companies,parachute_title_title,201,317
256,movie_companies,parachute_title_title,202,1576
256,movie_companies,parachute_title_title,203,10961
256,movie_companies,parachute_title_title,204,199
256,movie_companies,parachute_title_title,205,371
256,movie_companies,parachute_title_title,206,1252
256,movie_companies,parachute_title_title,207,9413
256,movie_companies,parachute_title_title,208,538
256,movie_companies,parachute_title_title,209,269
256,movie_companies,parachute_title_title,210,2206
256,movie_companies,parachute_title_title,211,5915
256,movie_companies,parachute_title_title,212,229
256,movie_companies,parachute_title_title,213,632
256,movie_companies,parachute_title_title,214,2267
256,movie_companies,parachute_title_title,215,10106
256,movie_companies,parachute_title_title,216,365
256,movie_companies,parachute_title_title,217,814
256,movie_companies,parachute_title_title,218,3398
256,movie_companies,parachute_title_title,219,18841
256,movie_companies,parachute_title_title,220,411
256,movie_companies,parachute_title_title,221,786
256,movie_companies,parachute_title_title,222,2852
256,movie_companies,parachute_title_title,223,31663
256,movie_companies,parachute_title_title,224,801
256,movie_companies,parachute_title_title,225,517
256,movie_companies,parachute_title_title,226,1364
256,movie_companies,parachute_title_title,227,4538
256,movie_companies,parachute_title_title,228,1217
256,movie_companies,parachute_title_title,229,1568
256,movie_companies,parachute_title_title,230,3523
256,movie_companies,parachute_title_title,231,13736
256,movie_companies,parachute_title_title,232,720
256,movie_companies,parachute_title_title,233,1399
256,movie_companies,parachute_title_title,234,3446
256,movie_companies,parachute_title_title,235,18213
256,movie_companies,parachute_title_title,236,1022
256,movie_companies,parachute_title_title,237,3181
256,movie_companies,parachute_title_title,238,4360
256,movie_companies,parachute_title_title,239,48235
256,movie_companies,parachute_title_title,240,1248
256,movie_companies,parachute_title_title,241,4321
256,movie_companies,parachute_title_title,242,5336
256,movie_companies,parachute_title_title,243,49056
256,movie_companies,parachute_title_title,244,2390
256,movie_companies,parachute_title_title,245,12809
256,movie_companies,parachute_title_title,246,8911
256,movie_companies,parachute_title_title,247,164677
256,movie_companies,parachute_title_title,248,1857
256,movie_companies,parachute_title_title,249,10601
256,movie_companies,parachute_title_title,250,7474
256,movie_companies,parachute_title_title,251,183704
256,movie_companies,parachute_title_title,252,2801
256,movie_companies,parachute_title_title,253,28685
256,movie_companies,parachute_title_title,254,10967
256,movie_companies,parachute_title_title,255,882898
256,movie_companies,parachute_title_production_year,0,24576
256,movie_companies,parachute_title_production_year,1,17711
256,movie_companies,parachute_title_production_year,2,9306
256,movie_companies,parachute_title_production_year,3,20394
256,movie_companies,parachute_title_production_year,4,20433
256,movie_companies,parachute_title_production_year,5,15354
256,movie_companies,parachute_title_production_year,6,33145
256,movie_companies,parachute_title_production_year,7,14869
256,movie_companies,parachute_title_production_year,8,10910
256,movie_companies,parachute_title_production_year,9,8117
256,movie_companies,parachute_title_production_year,10,19993
256,movie_companies,parachute_title_production_year,11,43080
256,movie_companies,parachute_title_production_year,12,28364
256,movie_companies,parachute_title_production_year,13,13715
256,movie_companies,parachute_title_production_year,14,7973
256,movie_companies,parachute_title_production_year,15,15662
256,movie_companies,parachute_title_production_year,16,26939
256,movie_companies,parachute_title_production_year,17,58611
256,movie_companies,parachute_title_production_year,18,49148
256,movie_companies,parachute_title_production_year,19,14615
256,movie_companies,parachute_title_production_year,20,15814
256,movie_companies,parachute_title_production_year,21,32383
256,movie_companies,parachute_title_production_year,22,17357
256,movie_companies,parachute_title_production_year,23,34432
256,movie_companies,parachute_title_production_year,24,16394
256,movie_companies,parachute_title_production_year,25,17020
256,movie_companies,parachute_title_production_year,26,18169
256,movie_companies,parachute_title_production_year,27,39809
256,movie_companies,parachute_title_production_year,28,18707
256,movie_companies,parachute_title_production_year,29,18769
256,movie_companies,parachute_title_production_year,30,18991
256,movie_companies,parachute_title_production_year,31,17853
256,movie_companies,parachute_title_production_year,32,17095
256,movie_companies,parachute_title_production_year,33,17582
256,movie_companies,parachute_title_production_year,34,17774
256,movie_companies,parachute_title_production_year,35,17997
256,movie_companies,parachute_title_production_year,36,18797
256,movie_companies,parachute_title_production_year,37,18643
256,movie_companies,parachute_title_production_year,38,18731
256,movie_companies,parachute_title_production_year,39,19266
256,movie_companies,parachute_title_production_year,40,17983
256,movie_companies,parachute_title_production_year,41,18422
256,movie_companies,parachute_title_production_year,42,19485
256,movie_companies,parachute_title_production_year,43,19938
256,movie_companies,parachute_title_production_year,44,20576
256,movie_companies,parachute_title_production_year,45,22297
256,movie_companies,parachute_title_production_year,46,22467
256,movie_companies,parachute_title_production_year,47,23502
256,movie_companies,parachute_title_production_year,48,22696
256,movie_companies,parachute_title_production_year,49,24412
256,movie_companies,parachute_title_production_year,50,24726
256,movie_companies,parachute_title_production_year,51,24927
256,movie_companies,parachute_title_production_year,52,25001
256,movie_companies,parachute_title_production_year,53,26749
256,movie_companies,parachute_title_production_year,54,28827
256,movie_companies,parachute_title_production_year,55,32641
256,movie_companies,parachute_title_production_year,56,34035
256,movie_companies,parachute_title_production_year,57,37830
256,movie_companies,parachute_title_production_year,58,39399
256,movie_companies,parachute_title_production_year,59,41638
256,movie_companies,parachute_title_production_year,60,46894
256,movie_companies,parachute_title_production_year,61,52796
256,movie_companies,parachute_title_production_year,62,58957
256,movie_companies,parachute_title_production_year,63,65578
256,movie_companies,parachute_title_production_year,64,75723
256,movie_companies,parachute_title_production_year,65,87493
256,movie_companies,parachute_title_production_year,66,98794
256,movie_companies,parachute_title_production_year,67,100506
256,movie_companies,parachute_title_production_year,68,105763
256,movie_companies,parachute_title_production_year,69,115325
256,movie_companies,parachute_title_production_year,70,114616
256,movie_companies,parachute_title_production_year,71,126472
256,movie_companies,parachute_title_production_year,72,114526
256,movie_companies,parachute_title_production_year,73,47312
256,movie_companies,parachute_title_production_year,74,6325
256,movie_companies,parachute_company_name_name,1,7
256,movie_companies,parachute_company_name_name,2,9
256,movie_companies,parachute_company_name_name,3,202
256,movie_companies,parachute_company_name_name,4,50
256,movie_companies,parachute_company_name_name,5,16
256,movie_companies,parachute_company_name_name,6,276
256,movie_companies,parachute_company_name_name,7,210
256,movie_companies,parachute_company_name_name,8,131
256,movie_companies,parachute_company_name_name,9,86
256,movie_companies,parachute_company_name_name,10,1017
256,movie_companies,parachute_company_name_name,11,359
256,movie_companies,parachute_company_name_name,12,622
256,movie_companies,parachute_company_name_name,13,829
256,movie_companies,parachute_company_name_name,14,782
256,movie_companies,parachute_company_name_name,15,316
256,movie_companies,parachute_company_name_name,16,14
256,movie_companies,parachute_company_name_name,17,22
256,movie_companies,parachute_company_name_name,18,164
256,movie_companies,parachute_company_name_name,19,845
256,movie_companies,parachute_company_name_name,20,4046
256,movie_companies,parachute_company_name_name,21,206
256,movie_companies,parachute_company_name_name,22,954
256,movie_companies,parachute_company_name_name,23,223
256,movie_companies,parachute_company_name_name,24,226
256,movie_companies,parachute_company_name_name,25,83
256,movie_companies,parachute_company_name_name,26,1211
256,movie_companies,parachute_company_name_name,27,1596
256,movie_companies,parachute_company_name_name,28,322
256,movie_companies,parachute_company_name_name,29,46
256,movie_companies,parachute_company_name_name,30,519
256,movie_companies,parachute_company_name_name,31,1252
256,movie_companies,parachute_company_name_name,32,26
256,movie_companies,parachute_company_name_name,33,33
256,movie_companies,parachute_company_name_name,34,187
256,movie_companies,parachute_company_name_name,35,737
256,movie_companies,parachute_company_name_name,36,334
256,movie_companies,parachute_company_name_name,37,66
256,movie_companies,parachute_company_name_name,38,559
256,movie_companies,parachute_company_name_name,39,969
256,movie_companies,parachute_company_name_name,40,232
256,movie_companies,parachute_company_name_name,41,249
256,movie_companies,parachute_company_name_name,42,933
256,movie_companies,parachute_company_name_name,43,1035
256,movie_companies,parachute_company_name_name,44,691
256,movie_companies,parachute_company_name_name,45,275
256,movie_companies,parachute_company_name_name,46,1218
256,movie_companies,parachute_company_name_name,47,1944
256,movie_companies,parachute_company_name_name,48,401
256,movie_companies,parachute_company_name_name,49,400
256,movie_companies,parachute_company_name_name,50,1306
256,movie_companies,parachute_company_name_name,51,2825
256,movie_companies,parachute_company_name_name,52,311
256,movie_companies,parachute_company_name_name,53,223
256,movie_companies,parachute_company_name_name,54,7106
256,movie_companies,parachute_company_name_name,55,3575
256,movie_companies,parachute_company_name_name,56,2507
256,movie_companies,parachute_company_name_name,57,241
256,movie_companies,parachute_company_name_name,58,2192
256,movie_companies,parachute_company_name_name,59,4607
256,movie_companies,parachute_company_name_name,60,429
256,movie_companies,parachute_company_name_name,61,749
256,movie_companies,parachute_company_name_name,62,1632
256,movie_companies,parachute_company_name_name,63,28846
256,movie_companies,parachute_company_name_name,64,107
256,movie_companies,parachute_company_name_name,65,335
256,movie_companies,parachute_company_name_name,66,359
256,movie_companies,parachute_company_name_name,67,4598
256,movie_companies,parachute_company_name_name,68,34
256,movie_companies,parachute_company_name_name,69,601
256,movie_companies,parachute_company_name_name,70,1063
256,movie_companies,parachute_company_name_name,71,174
256,movie_companies,parachute_company_name_name,72,512
256,movie_companies,parachute_company_name_name,73,3930
256,movie_companies,parachute_company_name_name,74,1894
256,movie_companies,parachute_company_name_name,75,2259
256,movie_companies,parachute_company_name_name,76,1226
256,movie_companies,parachute_company_name_name,77,27
256,movie_companies,parachute_company_name_name,78,349
256,movie_companies,parachute_company_name_name,79,1478
256,movie_companies,parachute_company_name_name,80,2661
256,movie_companies,parachute_company_name_name,81,363
256,movie_companies,parachute_company_name_name,82,3375
256,movie_companies,parachute_company_name_name,83,1593
256,movie_companies,parachute_company_name_name,84,5704
256,movie_companies,parachute_company_name_name,85,350
256,movie_companies,parachute_company_name_name,86,681
256,movie_companies,parachute_company_name_name,87,965
256,movie_companies,parachute_company_name_name,88,1703
256,movie_companies,parachute_company_name_name,89,353
256,movie_companies,parachute_company_name_name,90,12931
256,movie_companies,parachute_company_name_name,91,5433
256,movie_companies,parachute_company_name_name,92,121
256,movie_companies,parachute_company_name_name,93,448
256,movie_companies,parachute_company_name_name,94,862
256,movie_companies,parachute_company_name_name,95,2454
256,movie_companies,parachute_company_name_name,96,227
256,movie_companies,parachute_company_name_name,97,194
256,movie_companies,parachute_company_name_name,98,2017
256,movie_companies,parachute_company_name_name,99,717
256,movie_companies,parachute_company_name_name,100,194
256,movie_companies,parachute_company_name_name,101,36
256,movie_companies,parachute_company_name_name,102,723
256,movie_companies,parachute_company_name_name,103,263
256,movie_companies,parachute_company_name_name,104,855
256,movie_companies,parachute_company_name_name,105,1323
256,movie_companies,parachute_company_name_name,106,2356
256,movie_companies,parachute_company_name_name,107,3626
256,movie_companies,parachute_company_name_name,108,160
256,movie_companies,parachute_company_name_name,109,213
256,movie_companies,parachute_company_name_name,110,17930
256,movie_companies,parachute_company_name_name,111,8998
256,movie_companies,parachute_company_name_name,112,3860
256,movie_companies,parachute_company_name_name,113,763
256,movie_companies,parachute_company_name_name,114,7769
256,movie_companies,parachute_company_name_name,115,21221
256,movie_companies,parachute_company_name_name,116,555
256,movie_companies,parachute_company_name_name,117,782
256,movie_companies,parachute_company_name_name,118,6882
256,movie_companies,parachute_company_name_name,119,39925
256,movie_companies,parachute_company_name_name,120,1055
256,movie_companies,parachute_company_name_name,121,652
256,movie_companies,parachute_company_name_name,122,8992
256,movie_companies,parachute_company_name_name,123,69455
256,movie_companies,parachute_company_name_name,124,578
256,movie_companies,parachute_company_name_name,125,2371
256,movie_companies,parachute_company_name_name,126,7435
256,movie_companies,parachute_company_name_name,127,203484
256,movie_companies,parachute_company_name_name,128,1497
256,movie_companies,parachute_company_name_name,129,4
256,movie_companies,parachute_company_name_name,130,740
256,movie_companies,parachute_company_name_name,131,140
256,movie_companies,parachute_company_name_name,132,45
256,movie_companies,parachute_company_name_name,133,3710
256,movie_companies,parachute_company_name_name,134,134
256,movie_companies,parachute_company_name_name,135,166
256,movie_companies,parachute_company_name_name,136,57
256,movie_companies,parachute_company_name_name,137,331
256,movie_companies,parachute_company_name_name,138,143
256,movie_companies,parachute_company_name_name,139,189
256,movie_companies,parachute_company_name_name,140,109
256,movie_companies,parachute_company_name_name,141,129
256,movie_companies,parachute_company_name_name,142,405
256,movie_companies,parachute_company_name_name,143,726
256,movie_companies,parachute_company_name_name,144,564
256,movie_companies,parachute_company_name_name,145,192
256,movie_companies,parachute_company_name_name,146,590
256,movie_companies,parachute_company_name_name,147,248
256,movie_companies,parachute_company_name_name,148,96
256,movie_companies,parachute_company_name_name,149,509
256,movie_companies,parachute_company_name_name,150,564
256,movie_companies,parachute_company_name_name,151,1789
256,movie_companies,parachute_company_name_name,152,170
256,movie_companies,parachute_company_name_name,153,68
256,movie_companies,parachute_company_name_name,154,273
256,movie_companies,parachute_company_name_name,155,1331
256,movie_companies,parachute_company_name_name,156,101
256,movie_companies,parachute_company_name_name,157,852
256,movie_companies,parachute_company_name_name,158,555
256,movie_companies,parachute_company_name_name,159,3254
256,movie_companies,parachute_company_name_name,160,38
256,movie_companies,parachute_company_name_name,161,33
256,movie_companies,parachute_company_name_name,162,2191
256,movie_companies,parachute_company_name_name,163,377
256,movie_companies,parachute_company_name_name,164,330
256,movie_companies,parachute_company_name_name,165,410
256,movie_companies,parachute_company_name_name,166,1441
256,movie_companies,parachute_company_name_name,167,564
256,movie_companies,parachute_company_name_name,168,315
256,movie_companies,parachute_company_name_name,169,124
256,movie_companies,parachute_company_name_name,170,950
256,movie_companies,parachute_company_name_name,171,1689
256,movie_companies,parachute_company_name_name,172,424
256,movie_companies,parachute_company_name_name,173,497
256,movie_companies,parachute_company_name_name,174,1911
256,movie_companies,parachute_company_name_name,175,3828
256,movie_companies,parachute_company_name_name,176,459
256,movie_companies,parachute_company_name_name,177,499
256,movie_companies,parachute_company_name_name,178,876
256,movie_companies,parachute_company_name_name,179,3614
256,movie_companies,parachute_company_name_name,180,769
256,movie_companies,parachute_company_name_name,181,3535
256,movie_companies,parachute_company_name_name,182,3147
256,movie_companies,parachute_company_name_name,183,5663
256,movie_companies,parachute_company_name_name,184,978
256,movie_companies,parachute_company_name_name,185,434
256,movie_companies,parachute_company_name_name,186,1653
256,movie_companies,parachute_company_name_name,187,14186
256,movie_companies,parachute_company_name_name,188,498
256,movie_companies,parachute_company_name_name,189,3491
256,movie_companies,parachute_company_name_name,190,2769
256,movie_companies,parachute_company_name_name,191,69912
256,movie_companies,parachute_company_name_name,192,187
256,movie_companies,parachute_company_name_name,193,3800
256,movie_companies,parachute_company_name_name,194,557
256,movie_companies,parachute_company_name_name,195,196
256,movie_companies,parachute_company_name_name,196,268
256,movie_companies,parachute_company_name_name,197,411
256,movie_companies,parachute_company_name_name,198,889
256,movie_companies,parachute_company_name_name,199,901
256,movie_companies,parachute_company_name_name,200,100
256,movie_companies,parachute_company_name_name,201,19
256,movie_companies,parachute_company_name_name,202,2053
256,movie_companies,parachute_company_name_name,203,3648
256,movie_companies,parachute_company_name_name,204,66
256,movie_companies,parachute_company_name_name,205,530
256,movie_companies,parachute_company_name_name,206,465
256,movie_companies,parachute_company_name_name,207,1555
256,movie_companies,parachute_company_name_name,208,964
256,movie_companies,parachute_company_name_name,209,197
256,movie_companies,parachute_company_name_name,210,1152
256,movie_companies,parachute_company_name_name,211,3333
256,movie_companies,parachute_company_name_name,212,158
256,movie_companies,parachute_company_name_name,213,469
256,movie_companies,parachute_company_name_name,214,764
256,movie_companies,parachute_company_name_name,215,2661
256,movie_companies,parachute_company_name_name,216,191
256,movie_companies,parachute_company_name_name,217,1378
256,movie_companies,parachute_company_name_name,218,1879
256,movie_companies,parachute_company_name_name,219,10334
256,movie_companies,parachute_company_name_name,220,58
256,movie_companies,parachute_company_name_name,221,609
256,movie_companies,parachute_company_name_name,222,1202
256,movie_companies,parachute_company_name_name,223,42258
256,movie_companies,parachute_company_name_name,224,228
256,movie_companies,parachute_company_name_name,225,133
256,movie_companies,parachute_company_name_name,226,542
256,movie_companies,parachute_company_name_name,227,958
256,movie_companies,parachute_company_name_name,228,283
256,movie_companies,parachute_company_name_name,229,194
256,movie_companies,parachute_company_name_name,230,485
256,movie_companies,parachute_company_name_name,231,4376
256,movie_companies,parachute_company_name_name,232,293
256,movie_companies,parachute_company_name_name,233,1711
256,movie_companies,parachute_company_name_name,234,3149
256,movie_companies,parachute_company_name_name,235,8800
256,movie_companies,parachute_company_name_name,236,404
256,movie_companies,parachute_company_name_name,237,7021
256,movie_companies,parachute_company_name_name,238,4008
256,movie_companies,parachute_company_name_name,239,34263
256,movie_companies,parachute_company_name_name,240,3609
256,movie_companies,parachute_company_name_name,241,1016
256,movie_companies,parachute_company_name_name,242,7100
256,movie_companies,parachute_company_name_name,243,28565
256,movie_companies,parachute_company_name_name,244,1040
256,movie_companies,parachute_company_name_name,245,3128
256,movie_companies,parachute_company_name_name,246,7308
256,movie_companies,parachute_company_name_name,247,140421
256,movie_companies,parachute_company_name_name,248,434
256,movie_companies,parachute_company_name_name,249,6741
256,movie_companies,parachute_company_name_name,250,10542
256,movie_companies,parachute_company_name_name,251,210925
256,movie_companies,parachute_company_name_name,252,711
256,movie_companies,parachute_company_name_name,253,18130
256,movie_companies,parachute_company_name_name,254,11373
256,movie_companies,parachute_company_name_name,255,1302667
256,movie_companies,parachute_company_name_country_code,0,1153798
256,movie_companies,parachute_company_name_country_code,1,204735
256,movie_companies,parachute_company_name_country_code,2,148132
256,movie_companies,parachute_company_name_country_code,3,124376
256,movie_companies,parachute_company_name_country_code,4,104995
256,movie_companies,parachute_company_name_country_code,5,111395
256,movie_companies,parachute_company_name_country_code,6,84193
256,movie_companies,parachute_company_name_country_code,7,35291
256,movie_companies,parachute_company_name_country_code,8,56410
256,movie_companies,parachute_company_name_country_code,9,56472
256,movie_companies,parachute_company_name_country_code,10,51534
256,movie_companies,parachute_company_name_country_code,11,41871
256,movie_companies,parachute_company_name_country_code,12,29244
256,movie_companies,parachute_company_name_country_code,13,31519
256,movie_companies,parachute_company_name_country_code,14,32751
256,movie_companies,parachute_company_name_country_code,15,23759
256,movie_companies,parachute_company_name_country_code,16,21934
256,movie_companies,parachute_company_name_country_code,17,21870
256,movie_companies,parachute_company_name_country_code,18,20289
256,movie_companies,parachute_company_name_country_code,19,18473
256,movie_companies,parachute_company_name_country_code,20,17559
256,movie_companies,parachute_company_name_country_code,21,14318
256,movie_companies,parachute_company_name_country_code,22,13486
256,movie_companies,parachute_company_name_country_code,23,8790
256,movie_companies,parachute_company_name_country_code,24,8341
256,movie_companies,parachute_company_name_country_code,25,16333
256,movie_companies,parachute_company_name_country_code,26,10756
256,movie_companies,parachute_company_name_country_code,27,11228
256,movie_companies,parachute_company_name_country_code,28,7883
256,movie_companies,parachute_company_name_country_code,29,6738
256,movie_companies,parachute_company_name_country_code,30,7509
256,movie_companies,parachute_company_name_country_code,31,4384
256,movie_companies,parachute_company_name_country_code,32,7180
256,movie_companies,parachute_company_name_country_code,33,7048
256,movie_companies,parachute_company_name_country_code,34,4597
256,movie_companies,parachute_company_name_country_code,35,3828
256,movie_companies,parachute_company_name_country_code,36,4598
256,movie_companies,parachute_company_name_country_code,37,5747
256,movie_companies,parachute_company_name_country_code,38,3827
256,movie_companies,parachute_company_name_country_code,39,4846
256,movie_companies,parachute_company_name_country_code,40,4692
256,movie_companies,parachute_company_name_country_code,41,3826
256,movie_companies,parachute_company_name_country_code,42,8575
256,movie_companies,parachute_company_name_country_code,43,2998
256,movie_companies,parachute_company_name_country_code,44,1636
256,movie_companies,parachute_company_name_country_code,45,2768
256,movie_companies,parachute_company_name_country_code,46,1993
256,movie_companies,parachute_company_name_country_code,47,2561
256,movie_companies,parachute_company_name_country_code,48,1062
256,movie_companies,parachute_company_name_country_code,49,1827
256,movie_companies,parachute_company_name_country_code,50,1725
256,movie_companies,parachute_company_name_country_code,51,596
256,movie_companies,parachute_company_name_country_code,52,1777
256,movie_companies,parachute_company_name_country_code,53,1231
256,movie_companies,parachute_company_name_country_code,54,1735
256,movie_companies,parachute_company_name_country_code,55,1408
256,movie_companies,parachute_company_name_country_code,56,1126
256,movie_companies,parachute_company_name_country_code,57,1791
256,movie_companies,parachute_company_name_country_code,58,1384
256,movie_companies,parachute_company_name_country_code,59,852
256,movie_companies,parachute_company_name_country_code,60,1289
256,movie_companies,parachute_company_name_country_code,61,1825
256,movie_companies,parachute_company_name_country_code,62,900
256,movie_companies,parachute_company_name_country_code,63,388
256,movie_companies,parachute_company_name_country_code,64,1028
256,movie_companies,parachute_company_name_country_code,65,887
256,movie_companies,parachute_company_name_country_code,66,758
256,movie_companies,parachute_company_name_country_code,67,1967
256,movie_companies,parachute_company_name_country_code,68,462
256,movie_companies,parachute_company_name_country_code,69,421
256,movie_companies,parachute_company_name_country_code,70,669
256,movie_companies,parachute_company_name_country_code,71,1166
256,movie_companies,parachute_company_name_country_code,72,1096
256,movie_companies,parachute_company_name_country_code,73,904
256,movie_companies,parachute_company_name_country_code,74,22
256,movie_companies,parachute_company_name_country_code,75,334
256,movie_companies,parachute_company_name_country_code,76,261
256,movie_companies,parachute_company_name_country_code,77,126
256,movie_companies,parachute_company_name_country_code,78,26
256,movie_companies,parachute_company_name_country_code,79,16
256,movie_companies,parachute_company_name_country_code,80,156
256,movie_companies,parachute_company_name_country_code,81,30
256,movie_companies,parachute_company_name_country_code,82,48
256,movie_companies,parachute_company_name_country_code,83,22
256,movie_companies,parachute_company_name_country_code,84,147
256,movie_companies,parachute_company_name_country_code,85,118
256,movie_companies,parachute_company_name_country_code,86,6
256,movie_companies,parachute_company_name_country_code,87,174
256,movie_companies,parachute_company_name_country_code,88,61
256,movie_companies,parachute_company_name_country_code,89,36
256,movie_companies,parachute_company_name_country_code,90,153
256,movie_companies,parachute_company_name_country_code,91,1049
256,movie_companies,parachute_company_name_country_code,92,10
256,movie_companies,parachute_company_name_country_code,93,9
256,movie_companies,parachute_company_name_country_code,94,66
256,movie_companies,parachute_company_name_country_code,95,7
256,movie_companies,parachute_company_name_country_code,96,39
256,movie_companies,parachute_company_name_country_code,97,53
256,movie_companies,parachute_company_name_country_code,98,2
256,movie_companies,parachute_company_name_country_code,99,13
256,movie_companies,parachute_company_name_country_code,100,2
256,movie_companies,parachute_company_name_country_code,101,1
256,movie_companies,parachute_company_name_country_code,102,2
256,movie_companies,parachute_company_name_country_code,103,100
256,movie_companies,parachute_company_name_country_code,104,21
256,movie_companies,parachute_company_name_country_code,105,21
256,movie_companies,parachute_company_name_country_code,106,134
256,movie_companies,parachute_company_name_country_code,107,7
256,movie_companies,parachute_company_name_country_code,108,14
256,movie_companies,parachute_company_name_country_code,109,40
256,movie_companies,parachute_company_name_country_code,110,24
256,movie_companies,parachute_company_name_country_code,111,3
256,movie_companies,parachute_company_name_country_code,112,13
256,movie_companies,parachute_company_name_country_code,113,2
256,movie_companies,parachute_company_name_country_code,114,20
256,movie_companies,parachute_company_name_country_code,115,360
256,movie_companies,parachute_company_name_country_code,116,192
256,movie_companies,parachute_company_name_country_code,117,7
256,movie_companies,parachute_company_name_country_code,118,11
256,movie_companies,parachute_company_name_country_code,119,1
256,movie_companies,parachute_company_name_country_code,120,6
256,movie_companies,parachute_company_name_country_code,121,7
256,movie_companies,parachute_company_name_country_code,122,190
256,movie_companies,parachute_company_name_country_code,123,55
256,movie_companies,parachute_company_name_country_code,124,72
256,movie_companies,parachute_company_name_country_code,125,5
256,movie_companies,parachute_company_name_country_code,126,12
256,movie_companies,parachute_company_name_country_code,127,1
256,movie_companies,parachute_company_name_country_code,128,22
256,movie_companies,parachute_company_name_country_code,129,201
256,movie_companies,parachute_company_name_country_code,130,7
256,movie_companies,parachute_company_name_country_code,131,1
256,movie_companies,parachute_company_name_country_code,132,7
256,movie_companies,parachute_company_name_country_code,133,1
256,movie_companies,parachute_company_name_country_code,134,1
256,movie_companies,parachute_company_name_country_code,135,54
256,movie_companies,parachute_company_name_country_code,136,5
256,movie_companies,parachute_company_name_country_code,137,11
256,movie_companies,parachute_company_name_country_code,138,14
256,movie_companies,parachute_company_name_country_code,139,28
256,movie_companies,parachute_company_name_country_code,140,6
256,movie_companies,parachute_company_name_country_code,141,5
256,movie_companies,parachute_company_name_country_code,142,114
256,movie_companies,parachute_company_name_country_code,143,64
256,movie_companies,parachute_company_name_country_code,144,65
256,movie_companies,parachute_company_name_country_code,145,2
256,movie_companies,parachute_company_name_country_code,146,3
256,movie_companies,parachute_company_name_country_code,147,3
256,movie_companies,parachute_company_name_country_code,148,184
256,movie_companies,parachute_company_name_country_code,149,69
256,movie_companies,parachute_company_name_country_code,150,8
256,movie_companies,parachute_company_name_country_code,151,10
256,movie_companies,parachute_company_name_country_code,152,9
256,movie_companies,parachute_company_name_country_code,153,6
256,movie_companies,parachute_company_name_country_code,154,14
256,movie_companies,parachute_company_name_country_code,155,19
256,movie_companies,parachute_company_name_country_code,156,3
256,movie_companies,parachute_company_name_country_code,157,147
256,movie_companies,parachute_company_name_country_code,158,54
256,movie_companies,parachute_company_name_country_code,159,2
256,movie_companies,parachute_company_name_country_code,160,95
256,movie_companies,parachute_company_name_country_code,161,20
256,movie_companies,parachute_company_name_country_code,162,8
256,movie_companies,parachute_company_name_country_code,163,4
256,movie_companies,parachute_company_name_country_code,164,23
256,movie_companies,parachute_company_name_country_code,165,12
256,movie_companies,parachute_company_name_country_code,166,4
256,movie_companies,parachute_company_name_country_code,167,3
256,movie_companies,parachute_company_name_country_code,168,1
256,movie_companies,parachute_company_name_country_code,169,166
256,movie_companies,parachute_company_name_country_code,170,187
256,movie_companies,parachute_company_name_country_code,171,5
256,movie_companies,parachute_company_name_country_code,172,76
256,movie_companies,parachute_company_name_country_code,173,12
256,movie_companies,parachute_company_name_country_code,174,5
256,movie_companies,parachute_company_name_country_code,175,31
256,movie_companies,parachute_company_name_country_code,176,276
256,movie_companies,parachute_company_name_country_code,177,43
256,movie_companies,parachute_company_name_country_code,178,30
256,movie_companies,parachute_company_name_country_code,179,74
256,movie_companies,parachute_company_name_country_code,180,31
256,movie_companies,parachute_company_name_country_code,181,1
256,movie_companies,parachute_company_name_country_code,182,29
256,movie_companies,parachute_company_name_country_code,183,6
256,movie_companies,parachute_company_name_country_code,184,1
256,movie_companies,parachute_company_name_country_code,185,227
256,movie_companies,parachute_company_name_country_code,186,2
256,movie_companies,parachute_company_name_country_code,187,24
256,movie_companies,parachute_company_name_country_code,188,27
256,movie_companies,parachute_company_name_country_code,189,7
256,movie_companies,parachute_company_name_country_code,190,1
256,movie_companies,parachute_company_name_country_code,191,1
256,movie_companies,parachute_company_name_country_code,192,10
256,movie_companies,parachute_company_name_country_code,193,331
256,movie_companies,parachute_company_name_country_code,194,13
256,movie_companies,parachute_company_name_country_code,195,15
256,movie_companies,parachute_company_name_country_code,196,21
256,movie_companies,parachute_company_name_country_code,197,18
256,movie_companies,parachute_company_name_country_code,198,7
256,movie_companies,parachute_company_name_country_code,199,5
256,movie_companies,parachute_company_name_country_code,200,5
256,movie_companies,parachute_company_name_country_code,201,13
256,movie_companies,parachute_company_name_country_code,202,18
256,movie_companies,parachute_company_name_country_code,203,2
256,movie_companies,parachute_company_name_country_code,204,79
256,movie_companies,parachute_company_name_country_code,205,17
256,movie_companies,parachute_company_name_country_code,206,44
256,movie_companies,parachute_company_name_country_code,207,84
256,movie_companies,parachute_company_name_country_code,208,3
256,movie_companies,parachute_company_name_country_code,209,16
256,movie_companies,parachute_company_name_country_code,210,1
256,movie_companies,parachute_company_name_country_code,211,104
256,movie_companies,parachute_company_name_country_code,212,2
256,movie_companies,parachute_company_name_country_code,213,61
256,movie_companies,parachute_company_name_country_code,214,19
256,movie_companies,parachute_company_name_country_code,215,3
256,movie_companies,parachute_company_type_kind,0,1274246
256,movie_companies,parachute_company_type_kind,1,1334883
256,movie_info_idx,parachute_title_production_year,0,180
256,movie_info_idx,parachute_title_production_year,1,4638
256,movie_info_idx,parachute_title_production_year,2,1026
256,movie_info_idx,parachute_title_production_year,3,3513
256,movie_info_idx,parachute_title_production_year,4,1485
256,movie_info_idx,parachute_title_production_year,5,840
256,movie_info_idx,parachute_title_production_year,6,1404
256,movie_info_idx,parachute_title_production_year,7,777
256,movie_info_idx,parachute_title_production_year,8,690
256,movie_info_idx,parachute_title_production_year,9,588
256,movie_info_idx,parachute_title_production_year,10,1893
256,movie_info_idx,parachute_title_production_year,11,8009
256,movie_info_idx,parachute_title_production_year,12,11406
256,movie_info_idx,parachute_title_production_year,13,5968
256,movie_info_idx,parachute_title_production_year,14,3160
256,movie_info_idx,parachute_title_production_year,15,6474
256,movie_info_idx,parachute_title_production_year,16,12057
256,movie_info_idx,parachute_title_production_year,17,26575
256,movie_info_idx,parachute_title_production_year,18,18106
256,movie_info_idx,parachute_title_production_year,19,5458
256,movie_info_idx,parachute_title_production_year,20,5697
256,movie_info_idx,parachute_title_production_year,21,12761
256,movie_info_idx,parachute_title_production_year,22,7031
256,movie_info_idx,parachute_title_production_year,23,14925
256,movie_info_idx,parachute_title_production_year,24,7295
256,movie_info_idx,parachute_title_production_year,25,8375
256,movie_info_idx,parachute_title_production_year,26,9316
256,movie_info_idx,parachute_title_production_year,27,20706
256,movie_info_idx,parachute_title_production_year,28,9240
256,movie_info_idx,parachute_title_production_year,29,9368
256,movie_info_idx,parachute_title_production_year,30,8673
256,movie_info_idx,parachute_title_production_year,31,8968
256,movie_info_idx,parachute_title_production_year,32,9437
256,movie_info_idx,parachute_title_production_year,33,9615
256,movie_info_idx,parachute_title_production_year,34,10055
256,movie_info_idx,parachute_title_production_year,35,9719
256,movie_info_idx,parachute_title_production_year,36,10207
256,movie_info_idx,parachute_title_production_year,37,10259
256,movie_info_idx,parachute_title_production_year,38,11305
256,movie_info_idx,parachute_title_production_year,39,11393
256,movie_info_idx,parachute_title_production_year,40,10327
256,movie_info_idx,parachute_title_production_year,41,10706
256,movie_info_idx,parachute_title_production_year,42,11718
256,movie_info_idx,parachute_title_production_year,43,12122
256,movie_info_idx,parachute_title_production_year,44,12385
256,movie_info_idx,parachute_title_production_year,45,14660
256,movie_info_idx,parachute_title_production_year,46,14292
256,movie_info_idx,parachute_title_production_year,47,15462
256,movie_info_idx,parachute_title_production_year,48,15197
256,movie_info_idx,parachute_title_production_year,49,17033
256,movie_info_idx,parachute_title_production_year,50,16963
256,movie_info_idx,parachute_title_production_year,51,17118
256,movie_info_idx,parachute_title_production_year,52,18428
256,movie_info_idx,parachute_title_production_year,53,19681
256,movie_info_idx,parachute_title_production_year,54,21438
256,movie_info_idx,parachute_title_production_year,55,23456
256,movie_info_idx,parachute_title_production_year,56,24689
256,movie_info_idx,parachute_title_production_year,57,26998
256,movie_info_idx,parachute_title_production_year,58,28786
256,movie_info_idx,parachute_title_production_year,59,31421
256,movie_info_idx,parachute_title_production_year,60,34547
256,movie_info_idx,parachute_title_production_year,61,37455
256,movie_info_idx,parachute_title_production_year,62,41527
256,movie_info_idx,parachute_title_production_year,63,45309
256,movie_info_idx,parachute_title_production_year,64,51108
256,movie_info_idx,parachute_title_production_year,65,57870
256,movie_info_idx,parachute_title_production_year,66,61574
256,movie_info_idx,parachute_title_production_year,67,58024
256,movie_info_idx,parachute_title_production_year,68,58600
256,movie_info_idx,parachute_title_production_year,69,60340
256,movie_info_idx,parachute_title_production_year,70,60683
256,movie_info_idx,parachute_title_production_year,71,62055
256,movie_info_idx,parachute_title_production_year,72,54660
256,movie_info_idx,parachute_title_production_year,73,14808
256,movie_info_idx,parachute_title_production_year,74,3
256,movie_keyword,parachute_title_title,1,730
256,movie_keyword,parachute_title_title,2,417
256,movie_keyword,parachute_title_title,3,1116
256,movie_keyword,parachute_title_title,4,250
256,movie_keyword,parachute_title_title,5,548
256,movie_keyword,parachute_title_title,6,1860
256,movie_keyword,parachute_title_title,7,2025
256,movie_keyword,parachute_title_title,8,366
256,movie_keyword,parachute_title_title,9,190
256,movie_keyword,parachute_title_title,10,1652
256,movie_keyword,parachute_title_title,11,2133
256,movie_keyword,parachute_title_title,12,170
256,movie_keyword,parachute_title_title,13,9
256,movie_keyword,parachute_title_title,14,3470
256,movie_keyword,parachute_title_title,15,4471
256,movie_keyword,parachute_title_title,16,101
256,movie_keyword,parachute_title_title,17,221
256,movie_keyword,parachute_title_title,18,1497
256,movie_keyword,parachute_title_title,19,1620
256,movie_keyword,parachute_title_title,20,279
256,movie_keyword,parachute_title_title,21,157
256,movie_keyword,parachute_title_title,22,3825
256,movie_keyword,parachute_title_title,23,4029
256,movie_keyword,parachute_title_title,24,68
256,movie_keyword,parachute_title_title,25,72
256,movie_keyword,parachute_title_title,26,4311
256,movie_keyword,parachute_title_title,27,5480
256,movie_keyword,parachute_title_title,28,198
256,movie_keyword,parachute_title_title,29,144
256,movie_keyword,parachute_title_title,30,3821
256,movie_keyword,parachute_title_title,31,9358
256,movie_keyword,parachute_title_title,32,322
256,movie_keyword,parachute_title_title,33,568
256,movie_keyword,parachute_title_title,34,1165
256,movie_keyword,parachute_title_title,35,2435
256,movie_keyword,parachute_title_title,36,373
256,movie_keyword,parachute_title_title,37,1636
256,movie_keyword,parachute_title_title,38,2821
256,movie_keyword,parachute_title_title,39,10058
256,movie_keyword,parachute_title_title,40,546
256,movie_keyword,parachute_title_title,41,1515
256,movie_keyword,parachute_title_title,42,3098
256,movie_keyword,parachute_title_title,43,8146
256,movie_keyword,parachute_title_title,44,1675
256,movie_keyword,parachute_title_title,45,2944
256,movie_keyword,parachute_title_title,46,8480
256,movie_keyword,parachute_title_title,47,16555
256,movie_keyword,parachute_title_title,48,942
256,movie_keyword,parachute_title_title,49,1890
256,movie_keyword,parachute_title_title,50,4667
256,movie_keyword,parachute_title_title,51,12969
256,movie_keyword,parachute_title_title,52,2362
256,movie_keyword,parachute_title_title,53,3148
256,movie_keyword,parachute_title_title,54,12544
256,movie_keyword,parachute_title_title,55,32151
256,movie_keyword,parachute_title_title,56,2383
256,movie_keyword,parachute_title_title,57,4865
256,movie_keyword,parachute_title_title,58,10256
256,movie_keyword,parachute_title_title,59,34977
256,movie_keyword,parachute_title_title,60,3286
256,movie_keyword,parachute_title_title,61,10884
256,movie_keyword,parachute_title_title,62,19079
256,movie_keyword,parachute_title_title,63,115638
256,movie_keyword,parachute_title_title,64,150
256,movie_keyword,parachute_title_title,65,222
256,movie_keyword,parachute_title_title,66,1755
256,movie_keyword,parachute_title_title,67,920
256,movie_keyword,parachute_title_title,68,88
256,movie_keyword,parachute_title_title,69,39
256,movie_keyword,parachute_title_title,70,1815
256,movie_keyword,parachute_title_title,71,1310
256,movie_keyword,parachute_title_title,72,185
256,movie_keyword,parachute_title_title,73,217
256,movie_keyword,parachute_title_title,74,1961
256,movie_keyword,parachute_title_title,75,22897
256,movie_keyword,parachute_title_title,76,172
256,movie_keyword,parachute_title_title,77,72
256,movie_keyword,parachute_title_title,78,2680
256,movie_keyword,parachute_title_title,79,17146
256,movie_keyword,parachute_title_title,80,87
256,movie_keyword,parachute_title_title,81,112
256,movie_keyword,parachute_title_title,82,3664
256,movie_keyword,parachute_title_title,83,2076
256,movie_keyword,parachute_title_title,84,148
256,movie_keyword,parachute_title_title,85,84
256,movie_keyword,parachute_title_title,86,3026
256,movie_keyword,parachute_title_title,87,3670
256,movie_keyword,parachute_title_title,88,113
256,movie_keyword,parachute_title_title,89,173
256,movie_keyword,parachute_title_title,90,5065
256,movie_keyword,parachute_title_title,91,19920
256,movie_keyword,parachute_title_title,92,269
256,movie_keyword,parachute_title_title,93,231
256,movie_keyword,parachute_title_title,94,3787
256,movie_keyword,parachute_title_title,95,15376
256,movie_keyword,parachute_title_title,96,382
256,movie_keyword,parachute_title_title,97,465
256,movie_keyword,parachute_title_title,98,2104
256,movie_keyword,parachute_title_title,99,3670
256,movie_keyword,parachute_title_title,100,901
256,movie_keyword,parachute_title_title,101,887
256,movie_keyword,parachute_title_title,102,4597
256,movie_keyword,parachute_title_title,103,8811
256,movie_keyword,parachute_title_title,104,849
256,movie_keyword,parachute_title_title,105,1505
256,movie_keyword,parachute_title_title,106,4410
256,movie_keyword,parachute_title_title,107,23740
256,movie_keyword,parachute_title_title,108,794
256,movie_keyword,parachute_title_title,109,1257
256,movie_keyword,parachute_title_title,110,7896
256,movie_keyword,parachute_title_title,111,29118
256,movie_keyword,parachute_title_title,112,1731
256,movie_keyword,parachute_title_title,113,2467
256,movie_keyword,parachute_title_title,114,10787
256,movie_keyword,parachute_title_title,115,28157
256,movie_keyword,parachute_title_title,116,1571
256,movie_keyword,parachute_title_title,117,4154
256,movie_keyword,parachute_title_title,118,10771
256,movie_keyword,parachute_title_title,119,59134
256,movie_keyword,parachute_title_title,120,2180
256,movie_keyword,parachute_title_title,121,3332
256,movie_keyword,parachute_title_title,122,12993
256,movie_keyword,parachute_title_title,123,93599
256,movie_keyword,parachute_title_title,124,2168
256,movie_keyword,parachute_title_title,125,8047
256,movie_keyword,parachute_title_title,126,16170
256,movie_keyword,parachute_title_title,127,232831
256,movie_keyword,parachute_title_title,128,570
256,movie_keyword,parachute_title_title,129,182
256,movie_keyword,parachute_title_title,130,539
256,movie_keyword,parachute_title_title,131,1051
256,movie_keyword,parachute_title_title,132,1087
256,movie_keyword,parachute_title_title,133,266
256,movie_keyword,parachute_title_title,134,2580
256,movie_keyword,parachute_title_title,135,1793
256,movie_keyword,parachute_title_title,136,253
256,movie_keyword,parachute_title_title,137,1325
256,movie_keyword,parachute_title_title,138,1496
256,movie_keyword,parachute_title_title,139,3722
256,movie_keyword,parachute_title_title,140,483
256,movie_keyword,parachute_title_title,141,1056
256,movie_keyword,parachute_title_title,142,3436
256,movie_keyword,parachute_title_title,143,5066
256,movie_keyword,parachute_title_title,144,709
256,movie_keyword,parachute_title_title,145,1542
256,movie_keyword,parachute_title_title,146,2971
256,movie_keyword,parachute_title_title,147,8991
256,movie_keyword,parachute_title_title,148,1083
256,movie_keyword,parachute_title_title,149,1252
256,movie_keyword,parachute_title_title,150,3773
256,movie_keyword,parachute_title_title,151,10886
256,movie_keyword,parachute_title_title,152,1157
256,movie_keyword,parachute_title_title,153,1468
256,movie_keyword,parachute_title_title,154,4185
256,movie_keyword,parachute_title_title,155,14265
256,movie_keyword,parachute_title_title,156,626
256,movie_keyword,parachute_title_title,157,2180
256,movie_keyword,parachute_title_title,158,4852
256,movie_keyword,parachute_title_title,159,25905
256,movie_keyword,parachute_title_title,160,305
256,movie_keyword,parachute_title_title,161,1449
256,movie_keyword,parachute_title_title,162,803
256,movie_keyword,parachute_title_title,163,2366
256,movie_keyword,parachute_title_title,164,1984
256,movie_keyword,parachute_title_title,165,1530
256,movie_keyword,parachute_title_title,166,3905
256,movie_keyword,parachute_title_title,167,8298
256,movie_keyword,parachute_title_title,168,990
256,movie_keyword,parachute_title_title,169,1949
256,movie_keyword,parachute_title_title,170,2248
256,movie_keyword,parachute_title_title,171,6464
256,movie_keyword,parachute_title_title,172,2064
256,movie_keyword,parachute_title_title,173,4328
256,movie_keyword,parachute_title_title,174,5428
256,movie_keyword,parachute_title_title,175,22315
256,movie_keyword,parachute_title_title,176,2012
256,movie_keyword,parachute_title_title,177,4233
256,movie_keyword,parachute_title_title,178,3973
256,movie_keyword,parachute_title_title,179,17503
256,movie_keyword,parachute_title_title,180,3560
256,movie_keyword,parachute_title_title,181,13437
256,movie_keyword,parachute_title_title,182,9288
256,movie_keyword,parachute_title_title,183,69444
256,movie_keyword,parachute_title_title,184,2065
256,movie_keyword,parachute_title_title,185,12864
256,movie_keyword,parachute_title_title,186,7030
256,movie_keyword,parachute_title_title,187,62903
256,movie_keyword,parachute_title_title,188,5065
256,movie_keyword,parachute_title_title,189,30396
256,movie_keyword,parachute_title_title,190,13579
256,movie_keyword,parachute_title_title,191,258779
256,movie_keyword,parachute_title_title,192,490
256,movie_keyword,parachute_title_title,193,633
256,movie_keyword,parachute_title_title,194,1063
256,movie_keyword,parachute_title_title,195,2755
256,movie_keyword,parachute_title_title,196,379
256,movie_keyword,parachute_title_title,197,779
256,movie_keyword,parachute_title_title,198,3104
256,movie_keyword,parachute_title_title,199,4106
256,movie_keyword,parachute_title_title,200,791
256,movie_keyword,parachute_title_title,201,680
256,movie_keyword,parachute_title_title,202,3668
256,movie_keyword,parachute_title_title,203,12589
256,movie_keyword,parachute_title_title,204,689
256,movie_keyword,parachute_title_title,205,796
256,movie_keyword,parachute_title_title,206,1841
256,movie_keyword,parachute_title_title,207,13749
256,movie_keyword,parachute_title_title,208,1070
256,movie_keyword,parachute_title_title,209,446
256,movie_keyword,parachute_title_title,210,4069
256,movie_keyword,parachute_title_title,211,10887
256,movie_keyword,parachute_title_title,212,525
256,movie_keyword,parachute_title_title,213,973
256,movie_keyword,parachute_title_title,214,4799
256,movie_keyword,parachute_title_title,215,18799
256,movie_keyword,parachute_title_title,216,576
256,movie_keyword,parachute_title_title,217,1555
256,movie_keyword,parachute_title_title,218,6458
256,movie_keyword,parachute_title_title,219,35480
256,movie_keyword,parachute_title_title,220,866
256,movie_keyword,parachute_title_title,221,2120
256,movie_keyword,parachute_title_title,222,4826
256,movie_keyword,parachute_title_title,223,61304
256,movie_keyword,parachute_title_title,224,1320
256,movie_keyword,parachute_title_title,225,1000
256,movie_keyword,parachute_title_title,226,2441
256,movie_keyword,parachute_title_title,227,7919
256,movie_keyword,parachute_title_title,228,2849
256,movie_keyword,parachute_title_title,229,3670
256,movie_keyword,parachute_title_title,230,6243
256,movie_keyword,parachute_title_title,231,24083
256,movie_keyword,parachute_title_title,232,1825
256,movie_keyword,parachute_title_title,233,2779
256,movie_keyword,parachute_title_title,234,6596
256,movie_keyword,parachute_title_title,235,31319
256,movie_keyword,parachute_title_title,236,1976
256,movie_keyword,parachute_title_title,237,5947
256,movie_keyword,parachute_title_title,238,7534
256,movie_keyword,parachute_title_title,239,86802
256,movie_keyword,parachute_title_title,240,2039
256,movie_keyword,parachute_title_title,241,8144
256,movie_keyword,parachute_title_title,242,10665
256,movie_keyword,parachute_title_title,243,92371
256,movie_keyword,parachute_title_title,244,6538
256,movie_keyword,parachute_title_title,245,23019
256,movie_keyword,parachute_title_title,246,15656
256,movie_keyword,parachute_title_title,247,298074
256,movie_keyword,parachute_title_title,248,3020
256,movie_keyword,parachute_title_title,249,19520
256,movie_keyword,parachute_title_title,250,13882
256,movie_keyword,parachute_title_title,251,319030
256,movie_keyword,parachute_title_title,252,5039
256,movie_keyword,parachute_title_title,253,51692
256,movie_keyword,parachute_title_title,254,18971
256,movie_keyword,parachute_title_title,255,1465921
256,movie_keyword,parachute_title_production_year,0,23958
256,movie_keyword,parachute_title_production_year,1,3108
256,movie_keyword,parachute_title_production_year,2,1066
256,movie_keyword,parachute_title_production_year,3,3243
256,movie_keyword,parachute_title_production_year,4,2332
256,movie_keyword,parachute_title_production_year,5,1972
256,movie_keyword,parachute_title_production_year,6,5924
256,movie_keyword,parachute_title_production_year,7,5236
256,movie_keyword,parachute_title_production_year,8,4754
256,movie_keyword,parachute_title_production_year,9,5568
256,movie_keyword,parachute_title_production_year,10,13861
256,movie_keyword,parachute_title_production_year,11,47165
256,movie_keyword,parachute_title_production_year,12,71620
256,movie_keyword,parachute_title_production_year,13,44619
256,movie_keyword,parachute_title_production_year,14,24944
256,movie_keyword,parachute_title_production_year,15,53633
256,movie_keyword,parachute_title_production_year,16,95454
256,movie_keyword,parachute_title_production_year,17,173462
256,movie_keyword,parachute_title_production_year,18,87207
256,movie_keyword,parachute_title_production_year,19,19504
256,movie_keyword,parachute_title_production_year,20,20625
256,movie_keyword,parachute_title_production_year,21,38017
256,movie_keyword,parachute_title_production_year,22,19538
256,movie_keyword,parachute_title_production_year,23,37273
256,movie_keyword,parachute_title_production_year,24,17722
256,movie_keyword,parachute_title_production_year,25,20063
256,movie_keyword,parachute_title_production_year,26,21542
256,movie_keyword,parachute_title_production_year,27,50688
256,movie_keyword,parachute_title_production_year,28,25982
256,movie_keyword,parachute_title_production_year,29,25585
256,movie_keyword,parachute_title_production_year,30,29168
256,movie_keyword,parachute_title_production_year,31,35550
256,movie_keyword,parachute_title_production_year,32,33971
256,movie_keyword,parachute_title_production_year,33,35734
256,movie_keyword,parachute_title_production_year,34,34354
256,movie_keyword,parachute_title_production_year,35,33638
256,movie_keyword,parachute_title_production_year,36,33512
256,movie_keyword,parachute_title_production_year,37,32452
256,movie_keyword,parachute_title_production_year,38,32550
256,movie_keyword,parachute_title_production_year,39,30877
256,movie_keyword,parachute_title_production_year,40,32924
256,movie_keyword,parachute_title_production_year,41,37530
256,movie_keyword,parachute_title_production_year,42,36081
256,movie_keyword,parachute_title_production_year,43,39760
256,movie_keyword,parachute_title_production_year,44,38838
256,movie_keyword,parachute_title_production_year,45,48214
256,movie_keyword,parachute_title_production_year,46,46133
256,movie_keyword,parachute_title_production_year,47,49065
256,movie_keyword,parachute_title_production_year,48,48353
256,movie_keyword,parachute_title_production_year,49,53337
256,movie_keyword,parachute_title_production_year,50,53554
256,movie_keyword,parachute_title_production_year,51,55334
256,movie_keyword,parachute_title_production_year,52,57891
256,movie_keyword,parachute_title_production_year,53,63524
256,movie_keyword,parachute_title_production_year,54,65035
256,movie_keyword,parachute_title_production_year,55,72797
256,movie_keyword,parachute_title_production_year,56,76522
256,movie_keyword,parachute_title_production_year,57,82084
256,movie_keyword,parachute_title_production_year,58,89863
256,movie_keyword,parachute_title_production_year,59,100448
256,movie_keyword,parachute_title_production_year,60,108792
256,movie_keyword,parachute_title_production_year,61,114472
256,movie_keyword,parachute_title_production_year,62,128183
256,movie_keyword,parachute_title_production_year,63,145251
256,movie_keyword,parachute_title_production_year,64,154184
256,movie_keyword,parachute_title_production_year,65,175199
256,movie_keyword,parachute_title_production_year,66,183641
256,movie_keyword,parachute_title_production_year,67,183280
256,movie_keyword,parachute_title_production_year,68,202128
256,movie_keyword,parachute_title_production_year,69,208164
256,movie_keyword,parachute_title_production_year,70,176344
256,movie_keyword,parachute_title_production_year,71,147733
256,movie_keyword,parachute_title_production_year,72,107578
256,movie_keyword,parachute_title_production_year,73,38625
256,movie_keyword,parachute_title_production_year,74,5598
256,movie_keyword,parachute_keyword_keyword,2,102
256,movie_keyword,parachute_keyword_keyword,3,165
256,movie_keyword,parachute_keyword_keyword,4,1
256,movie_keyword,parachute_keyword_keyword,6,9565
256,movie_keyword,parachute_keyword_keyword,7,1811
256,movie_keyword,parachute_keyword_keyword,8,175
256,movie_keyword,parachute_keyword_keyword,9,109
256,movie_keyword,parachute_keyword_keyword,10,6203
256,movie_keyword,parachute_keyword_keyword,11,15182
256,movie_keyword,parachute_keyword_keyword,12,88
256,movie_keyword,parachute_keyword_keyword,13,1100
256,movie_keyword,parachute_keyword_keyword,14,4171
256,movie_keyword,parachute_keyword_keyword,15,5079
256,movie_keyword,parachute_keyword_keyword,16,13
256,movie_keyword,parachute_keyword_keyword,17,101
256,movie_keyword,parachute_keyword_keyword,18,2100
256,movie_keyword,parachute_keyword_keyword,19,4286
256,movie_keyword,parachute_keyword_keyword,20,194
256,movie_keyword,parachute_keyword_keyword,21,39
256,movie_keyword,parachute_keyword_keyword,22,20227
256,movie_keyword,parachute_keyword_keyword,23,10696
256,movie_keyword,parachute_keyword_keyword,24,626
256,movie_keyword,parachute_keyword_keyword,25,106
256,movie_keyword,parachute_keyword_keyword,26,10433
256,movie_keyword,parachute_keyword_keyword,27,8123
256,movie_keyword,parachute_keyword_keyword,28,12
256,movie_keyword,parachute_keyword_keyword,29,30
256,movie_keyword,parachute_keyword_keyword,30,8233
256,movie_keyword,parachute_keyword_keyword,31,6740
256,movie_keyword,parachute_keyword_keyword,32,40
256,movie_keyword,parachute_keyword_keyword,33,149
256,movie_keyword,parachute_keyword_keyword,34,1005
256,movie_keyword,parachute_keyword_keyword,35,5440
256,movie_keyword,parachute_keyword_keyword,36,2314
256,movie_keyword,parachute_keyword_keyword,37,1914
256,movie_keyword,parachute_keyword_keyword,38,7081
256,movie_keyword,parachute_keyword_keyword,39,10392
256,movie_keyword,parachute_keyword_keyword,40,1206
256,movie_keyword,parachute_keyword_keyword,41,76374
256,movie_keyword,parachute_keyword_keyword,42,8987
256,movie_keyword,parachute_keyword_keyword,43,18912
256,movie_keyword,parachute_keyword_keyword,44,8521
256,movie_keyword,parachute_keyword_keyword,45,5754
256,movie_keyword,parachute_keyword_keyword,46,26630
256,movie_keyword,parachute_keyword_keyword,47,24546
256,movie_keyword,parachute_keyword_keyword,48,2882
256,movie_keyword,parachute_keyword_keyword,49,3410
256,movie_keyword,parachute_keyword_keyword,50,11789
256,movie_keyword,parachute_keyword_keyword,51,17374
256,movie_keyword,parachute_keyword_keyword,52,33938
256,movie_keyword,parachute_keyword_keyword,53,1713
256,movie_keyword,parachute_keyword_keyword,54,41761
256,movie_keyword,parachute_keyword_keyword,55,24102
256,movie_keyword,parachute_keyword_keyword,56,6183
256,movie_keyword,parachute_keyword_keyword,57,3231
256,movie_keyword,parachute_keyword_keyword,58,43024
256,movie_keyword,parachute_keyword_keyword,59,23738
256,movie_keyword,parachute_keyword_keyword,60,12606
256,movie_keyword,parachute_keyword_keyword,61,3824
256,movie_keyword,parachute_keyword_keyword,62,98862
256,movie_keyword,parachute_keyword_keyword,63,74484
256,movie_keyword,parachute_keyword_keyword,64,43
256,movie_keyword,parachute_keyword_keyword,65,7
256,movie_keyword,parachute_keyword_keyword,66,2109
256,movie_keyword,parachute_keyword_keyword,67,1073
256,movie_keyword,parachute_keyword_keyword,68,37
256,movie_keyword,parachute_keyword_keyword,69,4
256,movie_keyword,parachute_keyword_keyword,70,9429
256,movie_keyword,parachute_keyword_keyword,71,1753
256,movie_keyword,parachute_keyword_keyword,72,43
256,movie_keyword,parachute_keyword_keyword,73,82
256,movie_keyword,parachute_keyword_keyword,74,3637
256,movie_keyword,parachute_keyword_keyword,75,9097
256,movie_keyword,parachute_keyword_keyword,76,136
256,movie_keyword,parachute_keyword_keyword,77,15
256,movie_keyword,parachute_keyword_keyword,78,6092
256,movie_keyword,parachute_keyword_keyword,79,2520
256,movie_keyword,parachute_keyword_keyword,80,527
256,movie_keyword,parachute_keyword_keyword,81,67
256,movie_keyword,parachute_keyword_keyword,82,8923
256,movie_keyword,parachute_keyword_keyword,83,2488
256,movie_keyword,parachute_keyword_keyword,84,47
256,movie_keyword,parachute_keyword_keyword,86,10822
256,movie_keyword,parachute_keyword_keyword,87,647
256,movie_keyword,parachute_keyword_keyword,88,84
256,movie_keyword,parachute_keyword_keyword,89,1
256,movie_keyword,parachute_keyword_keyword,90,12001
256,movie_keyword,parachute_keyword_keyword,91,3067
256,movie_keyword,parachute_keyword_keyword,92,1
256,movie_keyword,parachute_keyword_keyword,94,5557
256,movie_keyword,parachute_keyword_keyword,95,10549
256,movie_keyword,parachute_keyword_keyword,96,1554
256,movie_keyword,parachute_keyword_keyword,97,515
256,movie_keyword,parachute_keyword_keyword,98,8769
256,movie_keyword,parachute_keyword_keyword,99,1196
256,movie_keyword,parachute_keyword_keyword,100,1686
256,movie_keyword,parachute_keyword_keyword,101,249
256,movie_keyword,parachute_keyword_keyword,102,17950
256,movie_keyword,parachute_keyword_keyword,103,4516
256,movie_keyword,parachute_keyword_keyword,104,4917
256,movie_keyword,parachute_keyword_keyword,105,4137
256,movie_keyword,parachute_keyword_keyword,106,22000
256,movie_keyword,parachute_keyword_keyword,107,13834
256,movie_keyword,parachute_keyword_keyword,108,3634
256,movie_keyword,parachute_keyword_keyword,109,1151
256,movie_keyword,parachute_keyword_keyword,110,27088
256,movie_keyword,parachute_keyword_keyword,111,20843
256,movie_keyword,parachute_keyword_keyword,112,6163
256,movie_keyword,parachute_keyword_keyword,113,2992
256,movie_keyword,parachute_keyword_keyword,114,76113
256,movie_keyword,parachute_keyword_keyword,115,50003
256,movie_keyword,parachute_keyword_keyword,116,4224
256,movie_keyword,parachute_keyword_keyword,117,1507
256,movie_keyword,parachute_keyword_keyword,118,76160
256,movie_keyword,parachute_keyword_keyword,119,28929
256,movie_keyword,parachute_keyword_keyword,120,6516
256,movie_keyword,parachute_keyword_keyword,121,616
256,movie_keyword,parachute_keyword_keyword,122,70289
256,movie_keyword,parachute_keyword_keyword,123,60614
256,movie_keyword,parachute_keyword_keyword,124,6435
256,movie_keyword,parachute_keyword_keyword,125,1790
256,movie_keyword,parachute_keyword_keyword,126,123867
256,movie_keyword,parachute_keyword_keyword,127,134153
256,movie_keyword,parachute_keyword_keyword,128,116
256,movie_keyword,parachute_keyword_keyword,129,242
256,movie_keyword,parachute_keyword_keyword,130,7712
256,movie_keyword,parachute_keyword_keyword,131,2899
256,movie_keyword,parachute_keyword_keyword,132,1043
256,movie_keyword,parachute_keyword_keyword,133,976
256,movie_keyword,parachute_keyword_keyword,134,7823
256,movie_keyword,parachute_keyword_keyword,135,896
256,movie_keyword,parachute_keyword_keyword,136,1576
256,movie_keyword,parachute_keyword_keyword,137,1107
256,movie_keyword,parachute_keyword_keyword,138,1227
256,movie_keyword,parachute_keyword_keyword,139,6680
256,movie_keyword,parachute_keyword_keyword,140,5671
256,movie_keyword,parachute_keyword_keyword,141,484
256,movie_keyword,parachute_keyword_keyword,142,3279
256,movie_keyword,parachute_keyword_keyword,143,2170
256,movie_keyword,parachute_keyword_keyword,144,10561
256,movie_keyword,parachute_keyword_keyword,145,1548
256,movie_keyword,parachute_keyword_keyword,146,9848
256,movie_keyword,parachute_keyword_keyword,147,5890
256,movie_keyword,parachute_keyword_keyword,148,10874
256,movie_keyword,parachute_keyword_keyword,149,358
256,movie_keyword,parachute_keyword_keyword,150,17531
256,movie_keyword,parachute_keyword_keyword,151,12970
256,movie_keyword,parachute_keyword_keyword,152,3491
256,movie_keyword,parachute_keyword_keyword,153,6838
256,movie_keyword,parachute_keyword_keyword,154,4250
256,movie_keyword,parachute_keyword_keyword,155,24781
256,movie_keyword,parachute_keyword_keyword,156,8865
256,movie_keyword,parachute_keyword_keyword,157,842
256,movie_keyword,parachute_keyword_keyword,158,10191
256,movie_keyword,parachute_keyword_keyword,159,5095
256,movie_keyword,parachute_keyword_keyword,160,1060
256,movie_keyword,parachute_keyword_keyword,161,2167
256,movie_keyword,parachute_keyword_keyword,162,1470
256,movie_keyword,parachute_keyword_keyword,163,1879
256,movie_keyword,parachute_keyword_keyword,164,10493
256,movie_keyword,parachute_keyword_keyword,165,7409
256,movie_keyword,parachute_keyword_keyword,166,23178
256,movie_keyword,parachute_keyword_keyword,167,5551
256,movie_keyword,parachute_keyword_keyword,168,2384
256,movie_keyword,parachute_keyword_keyword,169,3838
256,movie_keyword,parachute_keyword_keyword,170,7861
256,movie_keyword,parachute_keyword_keyword,171,10196
256,movie_keyword,parachute_keyword_keyword,172,6913
256,movie_keyword,parachute_keyword_keyword,173,20301
256,movie_keyword,parachute_keyword_keyword,174,13334
256,movie_keyword,parachute_keyword_keyword,175,16017
256,movie_keyword,parachute_keyword_keyword,176,4902
256,movie_keyword,parachute_keyword_keyword,177,8325
256,movie_keyword,parachute_keyword_keyword,178,9458
256,movie_keyword,parachute_keyword_keyword,179,10675
256,movie_keyword,parachute_keyword_keyword,180,20158
256,movie_keyword,parachute_keyword_keyword,181,11276
256,movie_keyword,parachute_keyword_keyword,182,61779
256,movie_keyword,parachute_keyword_keyword,183,39676
256,movie_keyword,parachute_keyword_keyword,184,7995
256,movie_keyword,parachute_keyword_keyword,185,13919
256,movie_keyword,parachute_keyword_keyword,186,21907
256,movie_keyword,parachute_keyword_keyword,187,58167
256,movie_keyword,parachute_keyword_keyword,188,22469
256,movie_keyword,parachute_keyword_keyword,189,19970
256,movie_keyword,parachute_keyword_keyword,190,88222
256,movie_keyword,parachute_keyword_keyword,191,181808
256,movie_keyword,parachute_keyword_keyword,192,835
256,movie_keyword,parachute_keyword_keyword,193,582
256,movie_keyword,parachute_keyword_keyword,194,7020
256,movie_keyword,parachute_keyword_keyword,195,4580
256,movie_keyword,parachute_keyword_keyword,196,1089
256,movie_keyword,parachute_keyword_keyword,197,893
256,movie_keyword,parachute_keyword_keyword,198,5990
256,movie_keyword,parachute_keyword_keyword,199,5827
256,movie_keyword,parachute_keyword_keyword,200,8305
256,movie_keyword,parachute_keyword_keyword,201,3091
256,movie_keyword,parachute_keyword_keyword,202,19337
256,movie_keyword,parachute_keyword_keyword,203,9607
256,movie_keyword,parachute_keyword_keyword,204,712
256,movie_keyword,parachute_keyword_keyword,205,419
256,movie_keyword,parachute_keyword_keyword,206,6313
256,movie_keyword,parachute_keyword_keyword,207,7496
256,movie_keyword,parachute_keyword_keyword,208,5328
256,movie_keyword,parachute_keyword_keyword,209,1268
256,movie_keyword,parachute_keyword_keyword,210,17591
256,movie_keyword,parachute_keyword_keyword,211,16782
256,movie_keyword,parachute_keyword_keyword,212,516
256,movie_keyword,parachute_keyword_keyword,213,1044
256,movie_keyword,parachute_keyword_keyword,214,19219
256,movie_keyword,parachute_keyword_keyword,215,4004
256,movie_keyword,parachute_keyword_keyword,216,1337
256,movie_keyword,parachute_keyword_keyword,217,2154
256,movie_keyword,parachute_keyword_keyword,218,27552
256,movie_keyword,parachute_keyword_keyword,219,18268
256,movie_keyword,parachute_keyword_keyword,220,255
256,movie_keyword,parachute_keyword_keyword,221,65
256,movie_keyword,parachute_keyword_keyword,222,17563
256,movie_keyword,parachute_keyword_keyword,223,4079
256,movie_keyword,parachute_keyword_keyword,224,9341
256,movie_keyword,parachute_keyword_keyword,225,496
256,movie_keyword,parachute_keyword_keyword,226,9934
256,movie_keyword,parachute_keyword_keyword,227,6492
256,movie_keyword,parachute_keyword_keyword,228,10583
256,movie_keyword,parachute_keyword_keyword,229,1432
256,movie_keyword,parachute_keyword_keyword,230,43994
256,movie_keyword,parachute_keyword_keyword,231,11427
256,movie_keyword,parachute_keyword_keyword,232,3845
256,movie_keyword,parachute_keyword_keyword,233,2113
256,movie_keyword,parachute_keyword_keyword,234,25025
256,movie_keyword,parachute_keyword_keyword,235,20978
256,movie_keyword,parachute_keyword_keyword,236,4143
256,movie_keyword,parachute_keyword_keyword,237,4336
256,movie_keyword,parachute_keyword_keyword,238,44885
256,movie_keyword,parachute_keyword_keyword,239,37997
256,movie_keyword,parachute_keyword_keyword,240,20901
256,movie_keyword,parachute_keyword_keyword,241,3086
256,movie_keyword,parachute_keyword_keyword,242,62212
256,movie_keyword,parachute_keyword_keyword,243,38386
256,movie_keyword,parachute_keyword_keyword,244,16338
256,movie_keyword,parachute_keyword_keyword,245,5513
256,movie_keyword,parachute_keyword_keyword,246,180463
256,movie_keyword,parachute_keyword_keyword,247,101746
256,movie_keyword,parachute_keyword_keyword,248,11974
256,movie_keyword,parachute_keyword_keyword,249,11413
256,movie_keyword,parachute_keyword_keyword,250,139948
256,movie_keyword,parachute_keyword_keyword,251,153413
256,movie_keyword,parachute_keyword_keyword,252,33373
256,movie_keyword,parachute_keyword_keyword,253,11899
256,movie_keyword,parachute_keyword_keyword,254,355933
256,movie_keyword,parachute_keyword_keyword,255,435435
256,title,parachute_kind_type_kind,0,1543264
256,title,parachute_kind_type_kind,1,662825
256,title,parachute_kind_type_kind,2,118234
256,title,parachute_kind_type_kind,3,90852
256,title,parachute_kind_type_kind,4,100537
256,title,parachute_kind_type_kind,5,12600
256,movie_info,parachute_title_title,1,1269
256,movie_info,parachute_title_title,2,1364
256,movie_info,parachute_title_title,3,3301
256,movie_info,parachute_title_title,4,795
256,movie_info,parachute_title_title,5,1332
256,movie_info,parachute_title_title,6,5505
256,movie_info,parachute_title_title,7,4951
256,movie_info,parachute_title_title,8,639
256,movie_info,parachute_title_title,9,866
256,movie_info,parachute_title_title,10,4089
256,movie_info,parachute_title_title,11,6109
256,movie_info,parachute_title_title,12,569
256,movie_info,parachute_title_title,13,305
256,movie_info,parachute_title_title,14,9829
256,movie_info,parachute_title_title,15,12339
256,movie_info,parachute_title_title,16,418
256,movie_info,parachute_title_title,17,580
256,movie_info,parachute_title_title,18,5837
256,movie_info,parachute_title_title,19,6205
256,movie_info,parachute_title_title,20,936
256,movie_info,parachute_title_title,21,479
256,movie_info,parachute_title_title,22,9973
256,movie_info,parachute_title_title,23,13672
256,movie_info,parachute_title_title,24,349
256,movie_info,parachute_title_title,25,324
256,movie_info,parachute_title_title,26,12192
256,movie_info,parachute_title_title,27,18778
256,movie_info,parachute_title_title,28,494
256,movie_info,parachute_title_title,29,267
256,movie_info,parachute_title_title,30,12142
256,movie_info,parachute_title_title,31,28404
256,movie_info,parachute_title_title,32,1036
256,movie_info,parachute_title_title,33,1729
256,movie_info,parachute_title_title,34,4263
256,movie_info,parachute_title_title,35,15487
256,movie_info,parachute_title_title,36,2230
256,movie_info,parachute_title_title,37,3277
256,movie_info,parachute_title_title,38,10716
256,movie_info,parachute_title_title,39,110551
256,movie_info,parachute_title_title,40,1678
256,movie_info,parachute_title_title,41,4306
256,movie_info,parachute_title_title,42,9296
256,movie_info,parachute_title_title,43,28133
256,movie_info,parachute_title_title,44,5659
256,movie_info,parachute_title_title,45,8410
256,movie_info,parachute_title_title,46,23572
256,movie_info,parachute_title_title,47,99065
256,movie_info,parachute_title_title,48,3528
256,movie_info,parachute_title_title,49,6452
256,movie_info,parachute_title_title,50,14531
256,movie_info,parachute_title_title,51,42841
256,movie_info,parachute_title_title,52,7093
256,movie_info,parachute_title_title,53,11696
256,movie_info,parachute_title_title,54,31384
256,movie_info,parachute_title_title,55,147035
256,movie_info,parachute_title_title,56,7121
256,movie_info,parachute_title_title,57,15550
256,movie_info,parachute_title_title,58,30059
256,movie_info,parachute_title_title,59,111822
256,movie_info,parachute_title_title,60,11618
256,movie_info,parachute_title_title,61,30300
256,movie_info,parachute_title_title,62,52544
256,movie_info,parachute_title_title,63,351661
256,movie_info,parachute_title_title,64,494
256,movie_info,parachute_title_title,65,206
256,movie_info,parachute_title_title,66,4597
256,movie_info,parachute_title_title,67,3110
256,movie_info,parachute_title_title,68,523
256,movie_info,parachute_title_title,69,399
256,movie_info,parachute_title_title,70,5431
256,movie_info,parachute_title_title,71,3619
256,movie_info,parachute_title_title,72,561
256,movie_info,parachute_title_title,73,609
256,movie_info,parachute_title_title,74,6368
256,movie_info,parachute_title_title,75,208606
256,movie_info,parachute_title_title,76,835
256,movie_info,parachute_title_title,77,338
256,movie_info,parachute_title_title,78,7513
256,movie_info,parachute_title_title,79,159527
256,movie_info,parachute_title_title,80,370
256,movie_info,parachute_title_title,81,299
256,movie_info,parachute_title_title,82,10405
256,movie_info,parachute_title_title,83,7196
256,movie_info,parachute_title_title,84,346
256,movie_info,parachute_title_title,85,406
256,movie_info,parachute_title_title,86,9005
256,movie_info,parachute_title_title,87,11794
256,movie_info,parachute_title_title,88,560
256,movie_info,parachute_title_title,89,288
256,movie_info,parachute_title_title,90,15337
256,movie_info,parachute_title_title,91,116949
256,movie_info,parachute_title_title,92,385
256,movie_info,parachute_title_title,93,485
256,movie_info,parachute_title_title,94,12464
256,movie_info,parachute_title_title,95,73693
256,movie_info,parachute_title_title,96,1474
256,movie_info,parachute_title_title,97,1545
256,movie_info,parachute_title_title,98,7124
256,movie_info,parachute_title_title,99,17590
256,movie_info,parachute_title_title,100,4229
256,movie_info,parachute_title_title,101,2017
256,movie_info,parachute_title_title,102,14940
256,movie_info,parachute_title_title,103,72304
256,movie_info,parachute_title_title,104,2155
256,movie_info,parachute_title_title,105,2917
256,movie_info,parachute_title_title,106,12319
256,movie_info,parachute_title_title,107,116912
256,movie_info,parachute_title_title,108,2785
256,movie_info,parachute_title_title,109,3688
256,movie_info,parachute_title_title,110,22340
256,movie_info,parachute_title_title,111,123344
256,movie_info,parachute_title_title,112,5311
256,movie_info,parachute_title_title,113,7399
256,movie_info,parachute_title_title,114,33580
256,movie_info,parachute_title_title,115,86516
256,movie_info,parachute_title_title,116,4884
256,movie_info,parachute_title_title,117,12112
256,movie_info,parachute_title_title,118,36142
256,movie_info,parachute_title_title,119,203355
256,movie_info,parachute_title_title,120,5663
256,movie_info,parachute_title_title,121,9855
256,movie_info,parachute_title_title,122,40377
256,movie_info,parachute_title_title,123,276928
256,movie_info,parachute_title_title,124,6460
256,movie_info,parachute_title_title,125,24946
256,movie_info,parachute_title_title,126,51313
256,movie_info,parachute_title_title,127,734173
256,movie_info,parachute_title_title,128,1085
256,movie_info,parachute_title_title,129,869
256,movie_info,parachute_title_title,130,2082
256,movie_info,parachute_title_title,131,3257
256,movie_info,parachute_title_title,132,2053
256,movie_info,parachute_title_title,133,1033
256,movie_info,parachute_title_title,134,7531
256,movie_info,parachute_title_title,135,5613
256,movie_info,parachute_title_title,136,890
256,movie_info,parachute_title_title,137,3147
256,movie_info,parachute_title_title,138,3954
256,movie_info,parachute_title_title,139,11106
256,movie_info,parachute_title_title,140,2003
256,movie_info,parachute_title_title,141,3017
256,movie_info,parachute_title_title,142,9628
256,movie_info,parachute_title_title,143,13036
256,movie_info,parachute_title_title,144,2414
256,movie_info,parachute_title_title,145,2376
256,movie_info,parachute_title_title,146,7870
256,movie_info,parachute_title_title,147,28615
256,movie_info,parachute_title_title,148,2897
256,movie_info,parachute_title_title,149,2916
256,movie_info,parachute_title_title,150,12257
256,movie_info,parachute_title_title,151,29574
256,movie_info,parachute_title_title,152,4409
256,movie_info,parachute_title_title,153,5674
256,movie_info,parachute_title_title,154,10701
256,movie_info,parachute_title_title,155,42234
256,movie_info,parachute_title_title,156,2672
256,movie_info,parachute_title_title,157,6016
256,movie_info,parachute_title_title,158,14122
256,movie_info,parachute_title_title,159,78595
256,movie_info,parachute_title_title,160,1591
256,movie_info,parachute_title_title,161,3622
256,movie_info,parachute_title_title,162,2983
256,movie_info,parachute_title_title,163,15548
256,movie_info,parachute_title_title,164,5288
256,movie_info,parachute_title_title,165,5400
256,movie_info,parachute_title_title,166,11866
256,movie_info,parachute_title_title,167,69204
256,movie_info,parachute_title_title,168,2676
256,movie_info,parachute_title_title,169,6099
256,movie_info,parachute_title_title,170,7367
256,movie_info,parachute_title_title,171,25868
256,movie_info,parachute_title_title,172,6656
256,movie_info,parachute_title_title,173,14538
256,movie_info,parachute_title_title,174,16529
256,movie_info,parachute_title_title,175,81571
256,movie_info,parachute_title_title,176,5235
256,movie_info,parachute_title_title,177,13646
256,movie_info,parachute_title_title,178,11713
256,movie_info,parachute_title_title,179,55631
256,movie_info,parachute_title_title,180,9981
256,movie_info,parachute_title_title,181,38713
256,movie_info,parachute_title_title,182,28978
256,movie_info,parachute_title_title,183,225371
256,movie_info,parachute_title_title,184,6829
256,movie_info,parachute_title_title,185,38202
256,movie_info,parachute_title_title,186,23924
256,movie_info,parachute_title_title,187,203569
256,movie_info,parachute_title_title,188,13578
256,movie_info,parachute_title_title,189,93603
256,movie_info,parachute_title_title,190,41193
256,movie_info,parachute_title_title,191,826181
256,movie_info,parachute_title_title,192,1511
256,movie_info,parachute_title_title,193,1107
256,movie_info,parachute_title_title,194,3754
256,movie_info,parachute_title_title,195,6380
256,movie_info,parachute_title_title,196,1306
256,movie_info,parachute_title_title,197,1641
256,movie_info,parachute_title_title,198,8273
256,movie_info,parachute_title_title,199,11279
256,movie_info,parachute_title_title,200,2383
256,movie_info,parachute_title_title,201,1659
256,movie_info,parachute_title_title,202,9618
256,movie_info,parachute_title_title,203,82542
256,movie_info,parachute_title_title,204,1197
256,movie_info,parachute_title_title,205,2004
256,movie_info,parachute_title_title,206,7155
256,movie_info,parachute_title_title,207,62594
256,movie_info,parachute_title_title,208,3294
256,movie_info,parachute_title_title,209,1468
256,movie_info,parachute_title_title,210,13025
256,movie_info,parachute_title_title,211,34000
256,movie_info,parachute_title_title,212,1661
256,movie_info,parachute_title_title,213,3545
256,movie_info,parachute_title_title,214,13616
256,movie_info,parachute_title_title,215,55843
256,movie_info,parachute_title_title,216,1940
256,movie_info,parachute_title_title,217,4607
256,movie_info,parachute_title_title,218,20542
256,movie_info,parachute_title_title,219,111980
256,movie_info,parachute_title_title,220,2150
256,movie_info,parachute_title_title,221,3750
256,movie_info,parachute_title_title,222,16476
256,movie_info,parachute_title_title,223,177035
256,movie_info,parachute_title_title,224,4484
256,movie_info,parachute_title_title,225,3201
256,movie_info,parachute_title_title,226,7683
256,movie_info,parachute_title_title,227,28054
256,movie_info,parachute_title_title,228,7340
256,movie_info,parachute_title_title,229,8900
256,movie_info,parachute_title_title,230,18946
256,movie_info,parachute_title_title,231,88579
256,movie_info,parachute_title_title,232,4269
256,movie_info,parachute_title_title,233,7470
256,movie_info,parachute_title_title,234,20187
256,movie_info,parachute_title_title,235,105326
256,movie_info,parachute_title_title,236,6579
256,movie_info,parachute_title_title,237,17523
256,movie_info,parachute_title_title,238,24192
256,movie_info,parachute_title_title,239,261623
256,movie_info,parachute_title_title,240,8027
256,movie_info,parachute_title_title,241,25055
256,movie_info,parachute_title_title,242,32103
256,movie_info,parachute_title_title,243,277834
256,movie_info,parachute_title_title,244,13835
256,movie_info,parachute_title_title,245,70157
256,movie_info,parachute_title_title,246,51229
256,movie_info,parachute_title_title,247,909285
256,movie_info,parachute_title_title,248,10742
256,movie_info,parachute_title_title,249,56795
256,movie_info,parachute_title_title,250,43641
256,movie_info,parachute_title_title,251,995855
256,movie_info,parachute_title_title,252,16476
256,movie_info,parachute_title_title,253,155021
256,movie_info,parachute_title_title,254,63836
256,movie_info,parachute_title_title,255,4606969
256,movie_info,parachute_title_production_year,0,56345
256,movie_info,parachute_title_production_year,1,76975
256,movie_info,parachute_title_production_year,2,48632
256,movie_info,parachute_title_production_year,3,114587
256,movie_info,parachute_title_production_year,4,121468
256,movie_info,parachute_title_production_year,5,93236
256,movie_info,parachute_title_production_year,6,200792
256,movie_info,parachute_title_production_year,7,87835
256,movie_info,parachute_title_production_year,8,62907
256,movie_info,parachute_title_production_year,9,47785
256,movie_info,parachute_title_production_year,10,115813
256,movie_info,parachute_title_production_year,11,245964
256,movie_info,parachute_title_production_year,12,155827
256,movie_info,parachute_title_production_year,13,67920
256,movie_info,parachute_title_production_year,14,38911
256,movie_info,parachute_title_production_year,15,78295
256,movie_info,parachute_title_production_year,16,141727
256,movie_info,parachute_title_production_year,17,314679
256,movie_info,parachute_title_production_year,18,257841
256,movie_info,parachute_title_production_year,19,72988
256,movie_info,parachute_title_production_year,20,77828
256,movie_info,parachute_title_production_year,21,160776
256,movie_info,parachute_title_production_year,22,84438
256,movie_info,parachute_title_production_year,23,166778
256,movie_info,parachute_title_production_year,24,79193
256,movie_info,parachute_title_production_year,25,83990
256,movie_info,parachute_title_production_year,26,91898
256,movie_info,parachute_title_production_year,27,197419
256,movie_info,parachute_title_production_year,28,93364
256,movie_info,parachute_title_production_year,29,91403
256,movie_info,parachute_title_production_year,30,93390
256,movie_info,parachute_title_production_year,31,91760
256,movie_info,parachute_title_production_year,32,89246
256,movie_info,parachute_title_production_year,33,91146
256,movie_info,parachute_title_production_year,34,90324
256,movie_info,parachute_title_production_year,35,92580
256,movie_info,parachute_title_production_year,36,92611
256,movie_info,parachute_title_production_year,37,92056
256,movie_info,parachute_title_production_year,38,93885
256,movie_info,parachute_title_production_year,39,98430
256,movie_info,parachute_title_production_year,40,95590
256,movie_info,parachute_title_production_year,41,95640
256,movie_info,parachute_title_production_year,42,101717
256,movie_info,parachute_title_production_year,43,102860
256,movie_info,parachute_title_production_year,44,110119
256,movie_info,parachute_title_production_year,45,122032
256,movie_info,parachute_title_production_year,46,123169
256,movie_info,parachute_title_production_year,47,131097
256,movie_info,parachute_title_production_year,48,127917
256,movie_info,parachute_title_production_year,49,137151
256,movie_info,parachute_title_production_year,50,142701
256,movie_info,parachute_title_production_year,51,145297
256,movie_info,parachute_title_production_year,52,150185
256,movie_info,parachute_title_production_year,53,165029
256,movie_info,parachute_title_production_year,54,178496
256,movie_info,parachute_title_production_year,55,199783
256,movie_info,parachute_title_production_year,56,209507
256,movie_info,parachute_title_production_year,57,227196
256,movie_info,parachute_title_production_year,58,250661
256,movie_info,parachute_title_production_year,59,277213
256,movie_info,parachute_title_production_year,60,296517
256,movie_info,parachute_title_production_year,61,330059
256,movie_info,parachute_title_production_year,62,356090
256,movie_info,parachute_title_production_year,63,395214
256,movie_info,parachute_title_production_year,64,466862
256,movie_info,parachute_title_production_year,65,522217
256,movie_info,parachute_title_production_year,66,570543
256,movie_info,parachute_title_production_year,67,597410
256,movie_info,parachute_title_production_year,68,633134
256,movie_info,parachute_title_production_year,69,687357
256,movie_info,parachute_title_production_year,70,707392
256,movie_info,parachute_title_production_year,71,741934
256,movie_info,parachute_title_production_year,72,693106
256,movie_info,parachute_title_production_year,73,268350
256,movie_info,parachute_title_production_year,74,23133
256,person_info,parachute_name_name,2,7
256,person_info,parachute_name_name,3,12
256,person_info,parachute_name_name,5,5
256,person_info,parachute_name_name,6,259
256,person_info,parachute_name_name,7,108
256,person_info,parachute_name_name,9,1
256,person_info,parachute_name_name,10,203
256,person_info,parachute_name_name,11,198
256,person_info,parachute_name_name,12,1
256,person_info,parachute_name_name,14,300
256,person_info,parachute_name_name,15,399
256,person_info,parachute_name_name,18,148
256,person_info,parachute_name_name,19,440
256,person_info,parachute_name_name,20,20
256,person_info,parachute_name_name,22,253
256,person_info,parachute_name_name,23,2426
256,person_info,parachute_name_name,24,8
256,person_info,parachute_name_name,25,1
256,person_info,parachute_name_name,26,247
256,person_info,parachute_name_name,27,1581
256,person_info,parachute_name_name,30,225
256,person_info,parachute_name_name,31,10286
256,person_info,parachute_name_name,32,20
256,person_info,parachute_name_name,33,12
256,person_info,parachute_name_name,34,136
256,person_info,parachute_name_name,35,53
256,person_info,parachute_name_name,36,103
256,person_info,parachute_name_name,37,25
256,person_info,parachute_name_name,38,632
256,person_info,parachute_name_name,39,128
256,person_info,parachute_name_name,40,26
256,person_info,parachute_name_name,41,50
256,person_info,parachute_name_name,42,458
256,person_info,parachute_name_name,43,261
256,person_info,parachute_name_name,44,100
256,person_info,parachute_name_name,45,266
256,person_info,parachute_name_name,46,623
256,person_info,parachute_name_name,47,375
256,person_info,parachute_name_name,48,195
256,person_info,parachute_name_name,49,256
256,person_info,parachute_name_name,50,483
256,person_info,parachute_name_name,51,4104
256,person_info,parachute_name_name,52,166
256,person_info,parachute_name_name,53,972
256,person_info,parachute_name_name,54,760
256,person_info,parachute_name_name,55,33459
256,person_info,parachute_name_name,56,108
256,person_info,parachute_name_name,57,393
256,person_info,parachute_name_name,58,910
256,person_info,parachute_name_name,59,27177
256,person_info,parachute_name_name,60,104
256,person_info,parachute_name_name,61,3744
256,person_info,parachute_name_name,62,844
256,person_info,parachute_name_name,63,146590
256,person_info,parachute_name_name,64,3
256,person_info,parachute_name_name,65,13
256,person_info,parachute_name_name,66,182
256,person_info,parachute_name_name,67,30
256,person_info,parachute_name_name,68,3
256,person_info,parachute_name_name,69,2
256,person_info,parachute_name_name,70,486
256,person_info,parachute_name_name,71,307
256,person_info,parachute_name_name,74,291
256,person_info,parachute_name_name,75,492
256,person_info,parachute_name_name,76,146
256,person_info,parachute_name_name,78,311
256,person_info,parachute_name_name,79,88
256,person_info,parachute_name_name,80,2
256,person_info,parachute_name_name,82,624
256,person_info,parachute_name_name,83,2616
256,person_info,parachute_name_name,84,6
256,person_info,parachute_name_name,85,8
256,person_info,parachute_name_name,86,266
256,person_info,parachute_name_name,87,6687
256,person_info,parachute_name_name,90,409
256,person_info,parachute_name_name,91,7676
256,person_info,parachute_name_name,93,14
256,person_info,parachute_name_name,94,249
256,person_info,parachute_name_name,95,26698
256,person_info,parachute_name_name,96,84
256,person_info,parachute_name_name,97,7
256,person_info,parachute_name_name,98,603
256,person_info,parachute_name_name,99,131
256,person_info,parachute_name_name,100,133
256,person_info,parachute_name_name,101,2
256,person_info,parachute_name_name,102,446
256,person_info,parachute_name_name,103,168
256,person_info,parachute_name_name,104,24
256,person_info,parachute_name_name,105,1
256,person_info,parachute_name_name,106,384
256,person_info,parachute_name_name,107,288
256,person_info,parachute_name_name,108,19
256,person_info,parachute_name_name,109,12
256,person_info,parachute_name_name,110,489
256,person_info,parachute_name_name,111,456
256,person_info,parachute_name_name,112,28
256,person_info,parachute_name_name,113,348
256,person_info,parachute_name_name,114,999
256,person_info,parachute_name_name,115,21492
256,person_info,parachute_name_name,116,42
256,person_info,parachute_name_name,117,2424
256,person_info,parachute_name_name,118,861
256,person_info,parachute_name_name,119,106635
256,person_info,parachute_name_name,120,41
256,person_info,parachute_name_name,121,1498
256,person_info,parachute_name_name,122,659
256,person_info,parachute_name_name,123,85093
256,person_info,parachute_name_name,124,22
256,person_info,parachute_name_name,125,7206
256,person_info,parachute_name_name,126,446
256,person_info,parachute_name_name,127,345706
256,person_info,parachute_name_name,129,2
256,person_info,parachute_name_name,130,35
256,person_info,parachute_name_name,131,21
256,person_info,parachute_name_name,132,15
256,person_info,parachute_name_name,134,208
256,person_info,parachute_name_name,135,34
256,person_info,parachute_name_name,136,46
256,person_info,parachute_name_name,137,78
256,person_info,parachute_name_name,138,99
256,person_info,parachute_name_name,139,141
256,person_info,parachute_name_name,140,43
256,person_info,parachute_name_name,141,21
256,person_info,parachute_name_name,142,181
256,person_info,parachute_name_name,143,84
256,person_info,parachute_name_name,144,70
256,person_info,parachute_name_name,145,56
256,person_info,parachute_name_name,146,322
256,person_info,parachute_name_name,147,1048
256,person_info,parachute_name_name,148,36
256,person_info,parachute_name_name,149,197
256,person_info,parachute_name_name,150,228
256,person_info,parachute_name_name,151,8210
256,person_info,parachute_name_name,152,20
256,person_info,parachute_name_name,153,74
256,person_info,parachute_name_name,154,327
256,person_info,parachute_name_name,155,3886
256,person_info,parachute_name_name,156,34
256,person_info,parachute_name_name,157,501
256,person_info,parachute_name_name,158,166
256,person_info,parachute_name_name,159,27257
256,person_info,parachute_name_name,160,17
256,person_info,parachute_name_name,161,64
256,person_info,parachute_name_name,162,174
256,person_info,parachute_name_name,163,28
256,person_info,parachute_name_name,164,103
256,person_info,parachute_name_name,165,71
256,person_info,parachute_name_name,166,304
256,person_info,parachute_name_name,167,71
256,person_info,parachute_name_name,168,114
256,person_info,parachute_name_name,169,37
256,person_info,parachute_name_name,170,230
256,person_info,parachute_name_name,171,173
256,person_info,parachute_name_name,172,88
256,person_info,parachute_name_name,173,30
256,person_info,parachute_name_name,174,405
256,person_info,parachute_name_name,175,297
256,person_info,parachute_name_name,176,90
256,person_info,parachute_name_name,177,699
256,person_info,parachute_name_name,178,338
256,person_info,parachute_name_name,179,9965
256,person_info,parachute_name_name,180,92
256,person_info,parachute_name_name,181,8431
256,person_info,parachute_name_name,182,403
256,person_info,parachute_name_name,183,79737
256,person_info,parachute_name_name,184,118
256,person_info,parachute_name_name,185,2473
256,person_info,parachute_name_name,186,283
256,person_info,parachute_name_name,187,48246
256,person_info,parachute_name_name,188,86
256,person_info,parachute_name_name,189,19101
256,person_info,parachute_name_name,190,278
256,person_info,parachute_name_name,191,262729
256,person_info,parachute_name_name,192,12
256,person_info,parachute_name_name,193,5
256,person_info,parachute_name_name,194,182
256,person_info,parachute_name_name,195,25
256,person_info,parachute_name_name,196,220
256,person_info,parachute_name_name,197,38
256,person_info,parachute_name_name,198,167
256,person_info,parachute_name_name,199,131
256,person_info,parachute_name_name,200,18
256,person_info,parachute_name_name,201,7
256,person_info,parachute_name_name,202,251
256,person_info,parachute_name_name,203,185
256,person_info,parachute_name_name,204,19
256,person_info,parachute_name_name,205,4
256,person_info,parachute_name_name,206,91
256,person_info,parachute_name_name,207,127
256,person_info,parachute_name_name,208,24
256,person_info,parachute_name_name,209,97
256,person_info,parachute_name_name,210,381
256,person_info,parachute_name_name,211,9004
256,person_info,parachute_name_name,212,36
256,person_info,parachute_name_name,213,1597
256,person_info,parachute_name_name,214,250
256,person_info,parachute_name_name,215,39462
256,person_info,parachute_name_name,216,12
256,person_info,parachute_name_name,217,399
256,person_info,parachute_name_name,218,406
256,person_info,parachute_name_name,219,29547
256,person_info,parachute_name_name,220,21
256,person_info,parachute_name_name,221,2281
256,person_info,parachute_name_name,222,75
256,person_info,parachute_name_name,223,116130
256,person_info,parachute_name_name,224,89
256,person_info,parachute_name_name,225,15
256,person_info,parachute_name_name,226,309
256,person_info,parachute_name_name,227,113
256,person_info,parachute_name_name,228,87
256,person_info,parachute_name_name,229,54
256,person_info,parachute_name_name,230,498
256,person_info,parachute_name_name,231,159
256,person_info,parachute_name_name,232,53
256,person_info,parachute_name_name,233,27
256,person_info,parachute_name_name,234,362
256,person_info,parachute_name_name,235,239
256,person_info,parachute_name_name,236,67
256,person_info,parachute_name_name,237,50
256,person_info,parachute_name_name,238,282
256,person_info,parachute_name_name,239,318
256,person_info,parachute_name_name,240,196
256,person_info,parachute_name_name,241,2260
256,person_info,parachute_name_name,242,1447
256,person_info,parachute_name_name,243,58295
256,person_info,parachute_name_name,244,122
256,person_info,parachute_name_name,245,20338
256,person_info,parachute_name_name,246,588
256,person_info,parachute_name_name,247,292062
256,person_info,parachute_name_name,248,100
256,person_info,parachute_name_name,249,7493
256,person_info,parachute_name_name,250,293
256,person_info,parachute_name_name,251,191555
256,person_info,parachute_name_name,252,28
256,person_info,parachute_name_name,253,46259
256,person_info,parachute_name_name,254,242
256,person_info,parachute_name_name,255,794728
256,person_info,parachute_name_gender,0,923950
256,person_info,parachute_name_gender,1,422449
256,person_info,parachute_name_gender,2,1617265
